transaction_id,sales_dt,product_id,location_id,units_sold,selling_price_per_unit,currency,campaign_id
200001,2025-07-28,SNTF-25-CL-AWD,DEALER_GANGNAM,1,44723507,KRW,CAMP-B
200002,2025-07-04,SNTF-25-CL-AWD,DEALER_GANGNAM,12,45340463,KRW,CAMP-C
200003,2025-07-25,SNTF-25-CL-AWD,DEALER_GANGNAM,4,45055771,KRW,CAMP-B
200004,2025-07-14,SNTF-25-CL-AWD,DEALER_GANGNAM,10,44917391,KRW,CAMP-B
200005,2025-07-27,SNTF-25-CL-AWD,DEALER_GANGNAM,2,45102930,KRW,CAMP-B
200006,2025-07-30,SNTF-25-CL-AWD,DEALER_GANGNAM,16,44692800,KRW,CAMP-A
200007,2025-07-26,SNTF-25-CL-AWD,DEALER_GANGNAM,7,44769311,KRW,CAMP-A
200008,2025-07-27,SNTF-25-CL-AWD,DEALER_GANGNAM,12,44923791,KRW,CAMP-C
200009,2025-07-29,SNTF-25-CL-AWD,DEALER_GANGNAM,18,45316388,KRW,CAMP-A
200010,2025-07-09,SNTF-25-CL-AWD,P1_ULSAN,4,45137854,KRW,CAMP-A
200011,2025-07-29,SNTF-25-CL-AWD,P1_ULSAN,13,44717491,KRW,CAMP-A
200012,2025-07-16,SNTF-25-CL-AWD,P1_ULSAN,8,44788792,KRW,CAMP-C
200013,2025-07-23,SNTF-25-CL-AWD,P1_ULSAN,1,44832577,KRW,CAMP-A
200014,2025-07-11,SNTF-25-CL-AWD,P1_ULSAN,11,44836034,KRW,CAMP-A
200015,2025-07-07,SNTF-25-CL-AWD,P1_ULSAN,7,44723951,KRW,CAMP-C
200016,2025-07-26,SNTF-25-CL-AWD,P1_ULSAN,13,45225113,KRW,CAMP-A
200017,2025-07-21,SNTF-25-CL-AWD,DEALER_DAEGU,15,44861767,KRW,CAMP-B
200018,2025-07-08,SNTF-25-CL-AWD,DEALER_DAEGU,20,45243483,KRW,CAMP-C
200019,2025-07-15,SNTF-25-CL-AWD,DEALER_DAEGU,14,44811754,KRW,CAMP-B
200020,2025-07-02,SNTF-25-CL-AWD,DEALER_DAEGU,16,44732146,KRW,CAMP-C
200021,2025-07-19,SNTF-25-CL-AWD,DEALER_DAEGU,13,44973611,KRW,CAMP-B
200022,2025-07-03,SNTF-25-CL-AWD,DEALER_DAEGU,15,44870552,KRW,CAMP-C
200023,2025-07-03,SNTF-25-CL-AWD,DEALER_DAEGU,10,44994072,KRW,CAMP-B
200024,2025-07-26,SNTF-25-CL-AWD,HUB_CENTRAL,13,44739479,KRW,CAMP-C
200025,2025-07-13,SNTF-25-CL-AWD,HUB_CENTRAL,9,44928586,KRW,CAMP-A
200026,2025-07-18,SNTF-25-CL-AWD,HUB_CENTRAL,19,45346421,KRW,CAMP-A
200027,2025-07-15,SNTF-25-CL-AWD,HUB_CENTRAL,18,44922456,KRW,CAMP-A
200028,2025-07-13,SNTF-25-CL-AWD,HUB_CENTRAL,2,44832854,KRW,CAMP-C
200029,2025-07-14,SNTF-25-CL-AWD,HUB_CENTRAL,2,45319125,KRW,CAMP-A
200030,2025-07-28,SNTF-25-CL-AWD,HUB_CENTRAL,4,45355914,KRW,CAMP-C
200031,2025-07-21,SNTF-25-CL-AWD,HUB_CENTRAL,5,44757389,KRW,CAMP-B
200032,2025-07-25,SNTF-25-CL-AWD,DEALER_INCHEON,17,44792152,KRW,CAMP-C
200033,2025-07-10,SNTF-25-CL-AWD,DEALER_INCHEON,6,44932188,KRW,CAMP-C
200034,2025-07-18,SNTF-25-CL-AWD,DEALER_INCHEON,2,44682892,KRW,CAMP-B
200035,2025-07-27,SNTF-25-CL-AWD,DEALER_INCHEON,9,44906323,KRW,CAMP-A
200036,2025-07-12,SNTF-25-CL-AWD,DEALER_INCHEON,20,45252740,KRW,CAMP-C
200037,2025-07-13,SNTF-25-CL-AWD,DEALER_INCHEON,16,45380136,KRW,CAMP-A
200038,2025-07-21,SNTF-25-CL-AWD,DEALER_INCHEON,17,45151767,KRW,CAMP-C
200039,2025-07-03,SNTF-25-CL-AWD,P2_ASAN,8,45263523,KRW,CAMP-B
200040,2025-07-29,SNTF-25-CL-AWD,P2_ASAN,12,45063863,KRW,CAMP-C
200041,2025-07-17,SNTF-25-CL-AWD,P2_ASAN,18,45251346,KRW,CAMP-B
200042,2025-07-05,SNTF-25-CL-AWD,P2_ASAN,2,44683005,KRW,CAMP-B
200043,2025-07-25,SNTF-25-CL-AWD,P2_ASAN,4,45195182,KRW,CAMP-A
200044,2025-07-19,SNTF-25-CL-AWD,P2_ASAN,6,45220245,KRW,CAMP-C
200045,2025-07-15,SNTF-25-CL-AWD,P2_ASAN,16,44715279,KRW,CAMP-B
200046,2025-07-13,SNTF-25-CL-AWD,P2_ASAN,7,44670661,KRW,CAMP-C
200047,2025-07-17,SNTF-25-CL-AWD,P2_ASAN,16,45270446,KRW,CAMP-C
200048,2025-07-19,SNTF-25-CL-AWD,P2_ASAN,15,44939780,KRW,CAMP-B
200049,2025-07-30,SNTF-25-CL-AWD,DEALER_JEJU,2,44840642,KRW,CAMP-A
200050,2025-07-19,SNTF-25-CL-AWD,DEALER_JEJU,9,45193443,KRW,CAMP-C
200051,2025-07-27,SNTF-25-CL-AWD,DEALER_JEJU,11,45333927,KRW,CAMP-A
200052,2025-07-01,SNTF-25-CL-AWD,DEALER_JEJU,14,45190102,KRW,CAMP-A
200053,2025-07-10,SNTF-25-CL-AWD,DEALER_JEJU,4,45223351,KRW,CAMP-A
200054,2025-07-14,SNTF-25-CL-AWD,DEALER_JEJU,5,45021642,KRW,CAMP-B
200055,2025-07-23,SNTF-25-CL-AWD,DEALER_JEJU,8,44841834,KRW,CAMP-C
200056,2025-07-18,SNTF-25-CL-AWD,DEALER_JEJU,6,44809310,KRW,CAMP-B
200057,2025-07-29,SNTF-25-CL-AWD,WAREHOUSE_SOUTH,9,45047576,KRW,CAMP-B
200058,2025-07-15,SNTF-25-CL-AWD,WAREHOUSE_SOUTH,15,45121851,KRW,CAMP-A
200059,2025-07-19,SNTF-25-CL-AWD,WAREHOUSE_SOUTH,12,45369681,KRW,CAMP-B
200060,2025-07-23,SNTF-25-CL-AWD,WAREHOUSE_SOUTH,9,45001551,KRW,CAMP-C
200061,2025-07-13,SNTF-25-CL-AWD,WAREHOUSE_SOUTH,13,44673233,KRW,CAMP-A
200062,2025-07-08,SNTF-25-CL-AWD,WAREHOUSE_SOUTH,17,45319850,KRW,CAMP-C
200063,2025-07-24,SNTF-25-CL-AWD,WAREHOUSE_SOUTH,17,44784168,KRW,CAMP-B
200064,2025-07-03,SNTF-25-CL-AWD,WAREHOUSE_SOUTH,5,44729211,KRW,CAMP-A
200065,2025-07-22,SNTF-25-CL-AWD,WAREHOUSE_SOUTH,15,44646404,KRW,CAMP-C
200066,2025-07-01,SNTF-25-CL-AWD,WAREHOUSE_SOUTH,12,45398434,KRW,CAMP-A
200067,2025-07-24,SNTF-25-CL-AWD,DEALER_BUSAN,15,45087815,KRW,CAMP-A
200068,2025-07-08,SNTF-25-CL-AWD,DEALER_BUSAN,4,44837249,KRW,CAMP-B
200069,2025-07-25,SNTF-25-CL-AWD,DEALER_BUSAN,6,44919287,KRW,CAMP-B
200070,2025-07-02,SNTF-25-CL-AWD,DEALER_BUSAN,13,44692186,KRW,CAMP-A
200071,2025-07-10,SNTF-25-CL-AWD,DEALER_BUSAN,11,45381659,KRW,CAMP-B
200072,2025-07-26,SNTF-25-CL-AWD,DEALER_BUSAN,3,45153910,KRW,CAMP-C
200073,2025-07-02,SNTF-25-CL-AWD,DEALER_BUSAN,3,45064081,KRW,CAMP-B
200074,2025-07-12,SNTF-25-CL-AWD,DEALER_GWANGJU,14,45132986,KRW,CAMP-C
200075,2025-07-08,SNTF-25-CL-AWD,DEALER_GWANGJU,18,44717731,KRW,CAMP-C
200076,2025-07-27,SNTF-25-CL-AWD,DEALER_GWANGJU,17,45175000,KRW,CAMP-A
200077,2025-07-09,SNTF-25-CL-AWD,DEALER_GWANGJU,7,45188137,KRW,CAMP-B
200078,2025-07-05,SNTF-25-CL-AWD,DEALER_GWANGJU,1,45065342,KRW,CAMP-C
200079,2025-07-03,SNTF-25-CL-AWD,DEALER_GWANGJU,11,44927329,KRW,CAMP-C
200080,2025-07-06,SNTF-25-CL-AWD,DEALER_GWANGJU,14,45356686,KRW,CAMP-B
200081,2025-07-20,SNTF-25-CL-AWD,DEALER_GWANGJU,2,44651285,KRW,CAMP-C
200082,2025-07-25,SNTF-25-CL-AWD,DEALER_GWANGJU,19,44887228,KRW,CAMP-B
200083,2025-07-26,SNTF-25-CL-AWD,PLANT_HQ,13,44887014,KRW,CAMP-A
200084,2025-07-10,SNTF-25-CL-AWD,PLANT_HQ,5,45235387,KRW,CAMP-B
200085,2025-07-12,SNTF-25-CL-AWD,PLANT_HQ,3,44932621,KRW,CAMP-C
200086,2025-07-09,SNTF-25-CL-AWD,PLANT_HQ,2,44858743,KRW,CAMP-A
200087,2025-07-06,SNTF-25-CL-AWD,PLANT_HQ,19,44893500,KRW,CAMP-C
200088,2025-07-12,SNTF-25-CL-AWD,PLANT_HQ,14,45344396,KRW,CAMP-A
200089,2025-07-29,SNTF-25-CL-AWD,PLANT_HQ,19,45042756,KRW,CAMP-A
200090,2025-07-12,SNTF-25-CL-AWD,PLANT_HQ,19,44731482,KRW,CAMP-A
200091,2025-07-05,SNTF-25-CL-AWD,PLANT_HQ,13,44793958,KRW,CAMP-C
200092,2025-07-18,SNTF-25-CL-AWD,DEALER_DAEJEON,1,44911140,KRW,CAMP-C
200093,2025-07-08,SNTF-25-CL-AWD,DEALER_DAEJEON,8,45250762,KRW,CAMP-A
200094,2025-07-14,SNTF-25-CL-AWD,DEALER_DAEJEON,14,45203444,KRW,CAMP-A
200095,2025-07-25,SNTF-25-CL-AWD,DEALER_DAEJEON,5,45020854,KRW,CAMP-A
200096,2025-07-01,SNTF-25-CL-AWD,DEALER_DAEJEON,18,44911744,KRW,CAMP-C
200097,2025-07-29,SNTF-25-CL-AWD,DEALER_DAEJEON,17,44978238,KRW,CAMP-A
200098,2025-07-18,SNTF-25-CL-AWD,DEALER_DAEJEON,8,44962652,KRW,CAMP-A
200099,2025-07-11,SNTF-25-CL-AWD,DEALER_DAEJEON,6,44804114,KRW,CAMP-C
200100,2025-07-24,SNTF-25-CL-AWD,DEALER_DAEJEON,16,44718279,KRW,CAMP-C
200101,2025-07-27,SNTF-25-CL-AWD,DEALER_DAEJEON,3,45213449,KRW,CAMP-A
200102,2025-07-03,SNTF-25-CL-AWD,PLANT_MAIN,1,44672745,KRW,CAMP-A
200103,2025-07-08,SNTF-25-CL-AWD,PLANT_MAIN,19,45365050,KRW,CAMP-C
200104,2025-07-08,SNTF-25-CL-AWD,PLANT_MAIN,3,44745479,KRW,CAMP-A
200105,2025-07-16,SNTF-25-CL-AWD,PLANT_MAIN,4,45221852,KRW,CAMP-B
200106,2025-07-18,SNTF-25-CL-AWD,PLANT_MAIN,14,44997309,KRW,CAMP-B
200107,2025-07-19,SNTF-25-CL-AWD,PLANT_MAIN,17,45351019,KRW,CAMP-B
200108,2025-07-05,SNTF-25-CL-AWD,PLANT_MAIN,16,44974058,KRW,CAMP-A
200109,2025-07-29,SNTF-25-CL-AWD,PLANT_MAIN,9,44942373,KRW,CAMP-B
200110,2025-07-23,SNTF-25-CL-AWD,PLANT_MAIN,20,45125244,KRW,CAMP-B
200111,2025-07-02,SNTF-25-CL-AWD,PLANT_MAIN,12,45192185,KRW,CAMP-A
200112,2025-07-06,SNTF-25-CL-AWD,DEALER_SUWON,8,44690742,KRW,CAMP-C
200113,2025-07-05,SNTF-25-CL-AWD,DEALER_SUWON,11,44922128,KRW,CAMP-B
200114,2025-07-09,SNTF-25-CL-AWD,DEALER_SUWON,6,45163800,KRW,CAMP-B
200115,2025-07-10,SNTF-25-CL-AWD,DEALER_SUWON,2,44899644,KRW,CAMP-B
200116,2025-07-04,SNTF-25-CL-AWD,DEALER_SUWON,3,45093248,KRW,CAMP-C
200117,2025-07-27,SNTF-25-CL-AWD,DEALER_SUWON,20,44875049,KRW,CAMP-B
200118,2025-07-23,SNTF-25-CL-AWD,DEALER_SUWON,9,45239785,KRW,CAMP-A
200119,2025-07-09,SNTF-25-CL-AWD,DEALER_SUWON,14,45353678,KRW,CAMP-B
200120,2025-07-13,SNTF-25-CL-AWD,DEALER_SUWON,15,45094197,KRW,CAMP-A
200121,2025-07-11,SNTF-25-CL-AWD,DEALER_A,17,45041264,KRW,CAMP-B
200122,2025-07-07,SNTF-25-CL-AWD,DEALER_A,5,44682662,KRW,CAMP-C
200123,2025-07-03,SNTF-25-CL-AWD,DEALER_A,10,45058701,KRW,CAMP-C
200124,2025-07-13,SNTF-25-CL-AWD,DEALER_A,8,44772815,KRW,CAMP-B
200125,2025-07-23,SNTF-25-CL-AWD,DEALER_A,7,44971113,KRW,CAMP-A
200126,2025-07-15,SNTF-25-CL-AWD,DEALER_A,13,45166197,KRW,CAMP-A
200127,2025-07-15,SNTF-25-CL-AWD,DEALER_A,18,45070599,KRW,CAMP-B
200128,2025-07-06,SNTF-25-CL-AWD,DEALER_A,13,45241665,KRW,CAMP-A
200129,2025-07-26,IONIQ_6_Long_Range_AWD,DEALER_GANGNAM,17,57715959,KRW,CAMP-B
200130,2025-07-14,IONIQ_6_Long_Range_AWD,DEALER_GANGNAM,1,58143558,KRW,CAMP-B
200131,2025-07-06,IONIQ_6_Long_Range_AWD,DEALER_GANGNAM,18,57865414,KRW,CAMP-B
200132,2025-07-14,IONIQ_6_Long_Range_AWD,DEALER_GANGNAM,14,58053743,KRW,CAMP-C
200133,2025-07-01,IONIQ_6_Long_Range_AWD,DEALER_GANGNAM,8,57743550,KRW,CAMP-A
200134,2025-07-10,IONIQ_6_Long_Range_AWD,DEALER_GANGNAM,12,58235346,KRW,CAMP-B
200135,2025-07-13,IONIQ_6_Long_Range_AWD,DEALER_GANGNAM,9,57936130,KRW,CAMP-C
200136,2025-07-30,IONIQ_6_Long_Range_AWD,P1_ULSAN,3,58094574,KRW,CAMP-B
200137,2025-07-28,IONIQ_6_Long_Range_AWD,P1_ULSAN,9,57843528,KRW,CAMP-C
200138,2025-07-14,IONIQ_6_Long_Range_AWD,P1_ULSAN,15,58168100,KRW,CAMP-A
200139,2025-07-08,IONIQ_6_Long_Range_AWD,P1_ULSAN,14,58192858,KRW,CAMP-B
200140,2025-07-08,IONIQ_6_Long_Range_AWD,P1_ULSAN,19,57802085,KRW,CAMP-B
200141,2025-07-09,IONIQ_6_Long_Range_AWD,P1_ULSAN,10,58223587,KRW,CAMP-C
200142,2025-07-01,IONIQ_6_Long_Range_AWD,P1_ULSAN,10,57883280,KRW,CAMP-B
200143,2025-07-15,IONIQ_6_Long_Range_AWD,P1_ULSAN,6,57875437,KRW,CAMP-C
200144,2025-07-29,IONIQ_6_Long_Range_AWD,P1_ULSAN,13,58037640,KRW,CAMP-A
200145,2025-07-09,IONIQ_6_Long_Range_AWD,DEALER_DAEGU,11,58337705,KRW,CAMP-A
200146,2025-07-22,IONIQ_6_Long_Range_AWD,DEALER_DAEGU,16,58382668,KRW,CAMP-A
200147,2025-07-26,IONIQ_6_Long_Range_AWD,DEALER_DAEGU,16,57701386,KRW,CAMP-B
200148,2025-07-15,IONIQ_6_Long_Range_AWD,DEALER_DAEGU,18,57754614,KRW,CAMP-C
200149,2025-07-09,IONIQ_6_Long_Range_AWD,DEALER_DAEGU,17,57892969,KRW,CAMP-C
200150,2025-07-27,IONIQ_6_Long_Range_AWD,DEALER_DAEGU,15,57941610,KRW,CAMP-C
200151,2025-07-16,IONIQ_6_Long_Range_AWD,DEALER_DAEGU,9,58357646,KRW,CAMP-B
200152,2025-07-03,IONIQ_6_Long_Range_AWD,DEALER_DAEGU,2,58198074,KRW,CAMP-C
200153,2025-07-11,IONIQ_6_Long_Range_AWD,DEALER_DAEGU,11,57918101,KRW,CAMP-A
200154,2025-07-17,IONIQ_6_Long_Range_AWD,DEALER_DAEGU,9,58027940,KRW,CAMP-B
200155,2025-07-26,IONIQ_6_Long_Range_AWD,HUB_CENTRAL,15,58099848,KRW,CAMP-A
200156,2025-07-25,IONIQ_6_Long_Range_AWD,HUB_CENTRAL,3,57711954,KRW,CAMP-B
200157,2025-07-27,IONIQ_6_Long_Range_AWD,HUB_CENTRAL,3,57839968,KRW,CAMP-A
200158,2025-07-06,IONIQ_6_Long_Range_AWD,HUB_CENTRAL,12,57617994,KRW,CAMP-A
200159,2025-07-05,IONIQ_6_Long_Range_AWD,HUB_CENTRAL,1,58305670,KRW,CAMP-C
200160,2025-07-10,IONIQ_6_Long_Range_AWD,HUB_CENTRAL,12,57669169,KRW,CAMP-A
200161,2025-07-07,IONIQ_6_Long_Range_AWD,HUB_CENTRAL,13,57777348,KRW,CAMP-A
200162,2025-07-12,IONIQ_6_Long_Range_AWD,HUB_CENTRAL,17,58345241,KRW,CAMP-A
200163,2025-07-21,IONIQ_6_Long_Range_AWD,DEALER_INCHEON,18,58316662,KRW,CAMP-B
200164,2025-07-17,IONIQ_6_Long_Range_AWD,DEALER_INCHEON,1,57675757,KRW,CAMP-C
200165,2025-07-03,IONIQ_6_Long_Range_AWD,DEALER_INCHEON,16,58202399,KRW,CAMP-C
200166,2025-07-23,IONIQ_6_Long_Range_AWD,DEALER_INCHEON,15,57661517,KRW,CAMP-C
200167,2025-07-01,IONIQ_6_Long_Range_AWD,DEALER_INCHEON,9,57718309,KRW,CAMP-B
200168,2025-07-22,IONIQ_6_Long_Range_AWD,DEALER_INCHEON,3,57815818,KRW,CAMP-A
200169,2025-07-21,IONIQ_6_Long_Range_AWD,DEALER_INCHEON,2,58212935,KRW,CAMP-C
200170,2025-07-30,IONIQ_6_Long_Range_AWD,DEALER_INCHEON,9,58136011,KRW,CAMP-B
200171,2025-07-12,IONIQ_6_Long_Range_AWD,P2_ASAN,18,58070910,KRW,CAMP-C
200172,2025-07-13,IONIQ_6_Long_Range_AWD,P2_ASAN,6,58361420,KRW,CAMP-B
200173,2025-07-16,IONIQ_6_Long_Range_AWD,P2_ASAN,15,58010033,KRW,CAMP-A
200174,2025-07-29,IONIQ_6_Long_Range_AWD,P2_ASAN,5,58169234,KRW,CAMP-A
200175,2025-07-12,IONIQ_6_Long_Range_AWD,P2_ASAN,19,57691848,KRW,CAMP-B
200176,2025-07-24,IONIQ_6_Long_Range_AWD,P2_ASAN,1,58112722,KRW,CAMP-C
200177,2025-07-15,IONIQ_6_Long_Range_AWD,P2_ASAN,5,57841269,KRW,CAMP-A
200178,2025-07-26,IONIQ_6_Long_Range_AWD,P2_ASAN,4,57952089,KRW,CAMP-B
200179,2025-07-10,IONIQ_6_Long_Range_AWD,P2_ASAN,19,57871327,KRW,CAMP-A
200180,2025-07-16,IONIQ_6_Long_Range_AWD,P2_ASAN,14,57888032,KRW,CAMP-C
200181,2025-07-21,IONIQ_6_Long_Range_AWD,DEALER_JEJU,1,57721042,KRW,CAMP-C
200182,2025-07-22,IONIQ_6_Long_Range_AWD,DEALER_JEJU,8,57957386,KRW,CAMP-B
200183,2025-07-07,IONIQ_6_Long_Range_AWD,DEALER_JEJU,3,57668855,KRW,CAMP-A
200184,2025-07-28,IONIQ_6_Long_Range_AWD,DEALER_JEJU,4,57709610,KRW,CAMP-B
200185,2025-07-12,IONIQ_6_Long_Range_AWD,DEALER_JEJU,20,57808198,KRW,CAMP-C
200186,2025-07-08,IONIQ_6_Long_Range_AWD,DEALER_JEJU,18,57922321,KRW,CAMP-B
200187,2025-07-08,IONIQ_6_Long_Range_AWD,DEALER_JEJU,3,57842652,KRW,CAMP-A
200188,2025-07-06,IONIQ_6_Long_Range_AWD,DEALER_JEJU,4,57902242,KRW,CAMP-C
200189,2025-07-01,IONIQ_6_Long_Range_AWD,DEALER_JEJU,7,57678438,KRW,CAMP-A
200190,2025-07-04,IONIQ_6_Long_Range_AWD,WAREHOUSE_SOUTH,9,57860517,KRW,CAMP-B
200191,2025-07-24,IONIQ_6_Long_Range_AWD,WAREHOUSE_SOUTH,7,58207252,KRW,CAMP-C
200192,2025-07-24,IONIQ_6_Long_Range_AWD,WAREHOUSE_SOUTH,3,58172621,KRW,CAMP-C
200193,2025-07-01,IONIQ_6_Long_Range_AWD,WAREHOUSE_SOUTH,17,58277551,KRW,CAMP-A
200194,2025-07-21,IONIQ_6_Long_Range_AWD,WAREHOUSE_SOUTH,8,57978081,KRW,CAMP-A
200195,2025-07-06,IONIQ_6_Long_Range_AWD,WAREHOUSE_SOUTH,7,57787937,KRW,CAMP-C
200196,2025-07-16,IONIQ_6_Long_Range_AWD,WAREHOUSE_SOUTH,9,58164630,KRW,CAMP-B
200197,2025-07-02,IONIQ_6_Long_Range_AWD,WAREHOUSE_SOUTH,2,57617385,KRW,CAMP-B
200198,2025-07-04,IONIQ_6_Long_Range_AWD,WAREHOUSE_SOUTH,9,57635430,KRW,CAMP-A
200199,2025-07-12,IONIQ_6_Long_Range_AWD,DEALER_BUSAN,17,58375665,KRW,CAMP-B
200200,2025-07-29,IONIQ_6_Long_Range_AWD,DEALER_BUSAN,8,58302797,KRW,CAMP-A
200201,2025-07-22,IONIQ_6_Long_Range_AWD,DEALER_BUSAN,6,58216698,KRW,CAMP-C
200202,2025-07-27,IONIQ_6_Long_Range_AWD,DEALER_BUSAN,5,57950857,KRW,CAMP-A
200203,2025-07-29,IONIQ_6_Long_Range_AWD,DEALER_BUSAN,17,58067076,KRW,CAMP-A
200204,2025-07-02,IONIQ_6_Long_Range_AWD,DEALER_BUSAN,2,58261580,KRW,CAMP-A
200205,2025-07-08,IONIQ_6_Long_Range_AWD,DEALER_BUSAN,19,57792100,KRW,CAMP-C
200206,2025-07-20,IONIQ_6_Long_Range_AWD,DEALER_BUSAN,20,57615151,KRW,CAMP-A
200207,2025-07-16,IONIQ_6_Long_Range_AWD,DEALER_BUSAN,19,57703401,KRW,CAMP-A
200208,2025-07-23,IONIQ_6_Long_Range_AWD,DEALER_GWANGJU,13,57652832,KRW,CAMP-C
200209,2025-07-05,IONIQ_6_Long_Range_AWD,DEALER_GWANGJU,11,58367876,KRW,CAMP-C
200210,2025-07-02,IONIQ_6_Long_Range_AWD,DEALER_GWANGJU,15,58108281,KRW,CAMP-A
200211,2025-07-29,IONIQ_6_Long_Range_AWD,DEALER_GWANGJU,15,57985971,KRW,CAMP-C
200212,2025-07-09,IONIQ_6_Long_Range_AWD,DEALER_GWANGJU,8,58215329,KRW,CAMP-A
200213,2025-07-11,IONIQ_6_Long_Range_AWD,DEALER_GWANGJU,15,57744915,KRW,CAMP-C
200214,2025-07-08,IONIQ_6_Long_Range_AWD,DEALER_GWANGJU,20,57970340,KRW,CAMP-A
200215,2025-07-26,IONIQ_6_Long_Range_AWD,DEALER_GWANGJU,11,58371517,KRW,CAMP-A
200216,2025-07-19,IONIQ_6_Long_Range_AWD,PLANT_HQ,20,57943496,KRW,CAMP-B
200217,2025-07-15,IONIQ_6_Long_Range_AWD,PLANT_HQ,2,58150287,KRW,CAMP-C
200218,2025-07-09,IONIQ_6_Long_Range_AWD,PLANT_HQ,7,57917079,KRW,CAMP-B
200219,2025-07-24,IONIQ_6_Long_Range_AWD,PLANT_HQ,12,57680764,KRW,CAMP-A
200220,2025-07-13,IONIQ_6_Long_Range_AWD,PLANT_HQ,4,58089592,KRW,CAMP-A
200221,2025-07-10,IONIQ_6_Long_Range_AWD,PLANT_HQ,6,57900676,KRW,CAMP-B
200222,2025-07-10,IONIQ_6_Long_Range_AWD,PLANT_HQ,15,58078690,KRW,CAMP-B
200223,2025-07-26,IONIQ_6_Long_Range_AWD,PLANT_HQ,20,58240971,KRW,CAMP-A
200224,2025-07-21,IONIQ_6_Long_Range_AWD,DEALER_DAEJEON,8,57871450,KRW,CAMP-B
200225,2025-07-04,IONIQ_6_Long_Range_AWD,DEALER_DAEJEON,19,57921902,KRW,CAMP-C
200226,2025-07-27,IONIQ_6_Long_Range_AWD,DEALER_DAEJEON,13,57783726,KRW,CAMP-A
200227,2025-07-21,IONIQ_6_Long_Range_AWD,DEALER_DAEJEON,12,57773135,KRW,CAMP-A
200228,2025-07-30,IONIQ_6_Long_Range_AWD,DEALER_DAEJEON,11,57611982,KRW,CAMP-B
200229,2025-07-23,IONIQ_6_Long_Range_AWD,DEALER_DAEJEON,1,58390393,KRW,CAMP-A
200230,2025-07-22,IONIQ_6_Long_Range_AWD,DEALER_DAEJEON,18,58190304,KRW,CAMP-A
200231,2025-07-20,IONIQ_6_Long_Range_AWD,PLANT_MAIN,20,58239019,KRW,CAMP-A
200232,2025-07-06,IONIQ_6_Long_Range_AWD,PLANT_MAIN,19,57737010,KRW,CAMP-C
200233,2025-07-26,IONIQ_6_Long_Range_AWD,PLANT_MAIN,8,57881489,KRW,CAMP-C
200234,2025-07-29,IONIQ_6_Long_Range_AWD,PLANT_MAIN,4,57741319,KRW,CAMP-C
200235,2025-07-25,IONIQ_6_Long_Range_AWD,PLANT_MAIN,14,58042929,KRW,CAMP-A
200236,2025-07-30,IONIQ_6_Long_Range_AWD,PLANT_MAIN,12,57910947,KRW,CAMP-C
200237,2025-07-16,IONIQ_6_Long_Range_AWD,PLANT_MAIN,15,57723342,KRW,CAMP-B
200238,2025-07-13,IONIQ_6_Long_Range_AWD,PLANT_MAIN,7,58247337,KRW,CAMP-B
200239,2025-07-18,IONIQ_6_Long_Range_AWD,DEALER_SUWON,11,57683817,KRW,CAMP-C
200240,2025-07-27,IONIQ_6_Long_Range_AWD,DEALER_SUWON,4,58354910,KRW,CAMP-B
200241,2025-07-13,IONIQ_6_Long_Range_AWD,DEALER_SUWON,19,58186767,KRW,CAMP-A
200242,2025-07-26,IONIQ_6_Long_Range_AWD,DEALER_SUWON,10,57725312,KRW,CAMP-B
200243,2025-07-12,IONIQ_6_Long_Range_AWD,DEALER_SUWON,10,57702116,KRW,CAMP-C
200244,2025-07-28,IONIQ_6_Long_Range_AWD,DEALER_SUWON,3,57751233,KRW,CAMP-B
200245,2025-07-30,IONIQ_6_Long_Range_AWD,DEALER_SUWON,16,58298805,KRW,CAMP-A
200246,2025-07-13,IONIQ_6_Long_Range_AWD,DEALER_SUWON,12,57777320,KRW,CAMP-A
200247,2025-07-12,IONIQ_6_Long_Range_AWD,DEALER_SUWON,10,58382325,KRW,CAMP-C
200248,2025-07-19,IONIQ_6_Long_Range_AWD,DEALER_SUWON,15,57996854,KRW,CAMP-B
200249,2025-07-10,IONIQ_6_Long_Range_AWD,DEALER_A,10,58118098,KRW,CAMP-A
200250,2025-07-19,IONIQ_6_Long_Range_AWD,DEALER_A,4,57826910,KRW,CAMP-A
200251,2025-07-07,IONIQ_6_Long_Range_AWD,DEALER_A,4,57865476,KRW,CAMP-B
200252,2025-07-02,IONIQ_6_Long_Range_AWD,DEALER_A,11,58225362,KRW,CAMP-C
200253,2025-07-07,IONIQ_6_Long_Range_AWD,DEALER_A,14,57838813,KRW,CAMP-C
200254,2025-07-25,IONIQ_6_Long_Range_AWD,DEALER_A,7,58145853,KRW,CAMP-A
200255,2025-07-21,IONIQ_6_Long_Range_AWD,DEALER_A,15,58226030,KRW,CAMP-C
200256,2025-07-16,GRND-35-EX-2WD,DEALER_GANGNAM,20,41674732,KRW,CAMP-A
200257,2025-07-07,GRND-35-EX-2WD,DEALER_GANGNAM,17,42365865,KRW,CAMP-C
200258,2025-07-27,GRND-35-EX-2WD,DEALER_GANGNAM,2,41845066,KRW,CAMP-B
200259,2025-07-23,GRND-35-EX-2WD,DEALER_GANGNAM,15,41815723,KRW,CAMP-B
200260,2025-07-15,GRND-35-EX-2WD,DEALER_GANGNAM,14,42206202,KRW,CAMP-C
200261,2025-07-06,GRND-35-EX-2WD,DEALER_GANGNAM,1,42118905,KRW,CAMP-A
200262,2025-07-25,GRND-35-EX-2WD,DEALER_GANGNAM,6,42293075,KRW,CAMP-B
200263,2025-07-20,GRND-35-EX-2WD,DEALER_GANGNAM,12,42392318,KRW,CAMP-A
200264,2025-07-07,GRND-35-EX-2WD,P1_ULSAN,6,42168405,KRW,CAMP-C
200265,2025-07-16,GRND-35-EX-2WD,P1_ULSAN,20,42340472,KRW,CAMP-B
200266,2025-07-01,GRND-35-EX-2WD,P1_ULSAN,13,42317620,KRW,CAMP-A
200267,2025-07-12,GRND-35-EX-2WD,P1_ULSAN,9,42324089,KRW,CAMP-B
200268,2025-07-14,GRND-35-EX-2WD,P1_ULSAN,15,42257050,KRW,CAMP-B
200269,2025-07-04,GRND-35-EX-2WD,P1_ULSAN,17,42208266,KRW,CAMP-C
200270,2025-07-21,GRND-35-EX-2WD,P1_ULSAN,20,42132882,KRW,CAMP-C
200271,2025-07-15,GRND-35-EX-2WD,P1_ULSAN,14,42301048,KRW,CAMP-A
200272,2025-07-25,GRND-35-EX-2WD,P1_ULSAN,10,42348026,KRW,CAMP-B
200273,2025-07-05,GRND-35-EX-2WD,P1_ULSAN,12,41974660,KRW,CAMP-B
200274,2025-07-27,GRND-35-EX-2WD,DEALER_DAEGU,17,42081359,KRW,CAMP-B
200275,2025-07-06,GRND-35-EX-2WD,DEALER_DAEGU,11,41917787,KRW,CAMP-C
200276,2025-07-21,GRND-35-EX-2WD,DEALER_DAEGU,19,41816389,KRW,CAMP-A
200277,2025-07-26,GRND-35-EX-2WD,DEALER_DAEGU,5,42090813,KRW,CAMP-A
200278,2025-07-04,GRND-35-EX-2WD,DEALER_DAEGU,6,42366482,KRW,CAMP-C
200279,2025-07-23,GRND-35-EX-2WD,DEALER_DAEGU,3,42388762,KRW,CAMP-A
200280,2025-07-06,GRND-35-EX-2WD,DEALER_DAEGU,7,41624769,KRW,CAMP-A
200281,2025-07-30,GRND-35-EX-2WD,DEALER_DAEGU,20,41699034,KRW,CAMP-A
200282,2025-07-14,GRND-35-EX-2WD,DEALER_DAEGU,12,41790335,KRW,CAMP-A
200283,2025-07-16,GRND-35-EX-2WD,DEALER_DAEGU,19,41745559,KRW,CAMP-B
200284,2025-07-28,GRND-35-EX-2WD,HUB_CENTRAL,11,41876565,KRW,CAMP-B
200285,2025-07-06,GRND-35-EX-2WD,HUB_CENTRAL,11,42070740,KRW,CAMP-A
200286,2025-07-24,GRND-35-EX-2WD,HUB_CENTRAL,20,41667907,KRW,CAMP-C
200287,2025-07-24,GRND-35-EX-2WD,HUB_CENTRAL,20,41808541,KRW,CAMP-C
200288,2025-07-22,GRND-35-EX-2WD,HUB_CENTRAL,11,41815092,KRW,CAMP-C
200289,2025-07-09,GRND-35-EX-2WD,HUB_CENTRAL,15,42288979,KRW,CAMP-B
200290,2025-07-17,GRND-35-EX-2WD,HUB_CENTRAL,14,41916691,KRW,CAMP-C
200291,2025-07-23,GRND-35-EX-2WD,DEALER_INCHEON,16,42019340,KRW,CAMP-C
200292,2025-07-12,GRND-35-EX-2WD,DEALER_INCHEON,5,42212854,KRW,CAMP-A
200293,2025-07-02,GRND-35-EX-2WD,DEALER_INCHEON,1,42201782,KRW,CAMP-A
200294,2025-07-04,GRND-35-EX-2WD,DEALER_INCHEON,9,41662620,KRW,CAMP-C
200295,2025-07-14,GRND-35-EX-2WD,DEALER_INCHEON,15,41642667,KRW,CAMP-A
200296,2025-07-16,GRND-35-EX-2WD,DEALER_INCHEON,9,41707416,KRW,CAMP-C
200297,2025-07-29,GRND-35-EX-2WD,DEALER_INCHEON,7,42169419,KRW,CAMP-B
200298,2025-07-29,GRND-35-EX-2WD,DEALER_INCHEON,8,42074351,KRW,CAMP-B
200299,2025-07-04,GRND-35-EX-2WD,DEALER_INCHEON,11,41819599,KRW,CAMP-A
200300,2025-07-30,GRND-35-EX-2WD,P2_ASAN,8,42283081,KRW,CAMP-B
200301,2025-07-07,GRND-35-EX-2WD,P2_ASAN,19,41685164,KRW,CAMP-B
200302,2025-07-23,GRND-35-EX-2WD,P2_ASAN,14,41690483,KRW,CAMP-C
200303,2025-07-30,GRND-35-EX-2WD,P2_ASAN,13,41621033,KRW,CAMP-C
200304,2025-07-12,GRND-35-EX-2WD,P2_ASAN,6,41819023,KRW,CAMP-C
200305,2025-07-12,GRND-35-EX-2WD,P2_ASAN,14,42362502,KRW,CAMP-C
200306,2025-07-13,GRND-35-EX-2WD,P2_ASAN,19,42072236,KRW,CAMP-C
200307,2025-07-12,GRND-35-EX-2WD,DEALER_JEJU,6,41900970,KRW,CAMP-A
200308,2025-07-16,GRND-35-EX-2WD,DEALER_JEJU,15,41977405,KRW,CAMP-C
200309,2025-07-19,GRND-35-EX-2WD,DEALER_JEJU,18,42132691,KRW,CAMP-C
200310,2025-07-14,GRND-35-EX-2WD,DEALER_JEJU,11,41804111,KRW,CAMP-B
200311,2025-07-22,GRND-35-EX-2WD,DEALER_JEJU,3,41842269,KRW,CAMP-B
200312,2025-07-09,GRND-35-EX-2WD,DEALER_JEJU,16,41939176,KRW,CAMP-C
200313,2025-07-21,GRND-35-EX-2WD,DEALER_JEJU,10,42087287,KRW,CAMP-B
200314,2025-07-06,GRND-35-EX-2WD,WAREHOUSE_SOUTH,6,42326472,KRW,CAMP-B
200315,2025-07-14,GRND-35-EX-2WD,WAREHOUSE_SOUTH,13,41633121,KRW,CAMP-A
200316,2025-07-28,GRND-35-EX-2WD,WAREHOUSE_SOUTH,7,41643202,KRW,CAMP-C
200317,2025-07-01,GRND-35-EX-2WD,WAREHOUSE_SOUTH,12,42158143,KRW,CAMP-C
200318,2025-07-08,GRND-35-EX-2WD,WAREHOUSE_SOUTH,15,41968347,KRW,CAMP-C
200319,2025-07-04,GRND-35-EX-2WD,WAREHOUSE_SOUTH,11,41916394,KRW,CAMP-C
200320,2025-07-19,GRND-35-EX-2WD,WAREHOUSE_SOUTH,6,42131366,KRW,CAMP-B
200321,2025-07-01,GRND-35-EX-2WD,WAREHOUSE_SOUTH,1,42306963,KRW,CAMP-A
200322,2025-07-02,GRND-35-EX-2WD,WAREHOUSE_SOUTH,3,42357001,KRW,CAMP-A
200323,2025-07-26,GRND-35-EX-2WD,WAREHOUSE_SOUTH,20,41812842,KRW,CAMP-A
200324,2025-07-26,GRND-35-EX-2WD,DEALER_BUSAN,5,42025095,KRW,CAMP-B
200325,2025-07-22,GRND-35-EX-2WD,DEALER_BUSAN,16,42341629,KRW,CAMP-B
200326,2025-07-16,GRND-35-EX-2WD,DEALER_BUSAN,2,41804597,KRW,CAMP-C
200327,2025-07-05,GRND-35-EX-2WD,DEALER_BUSAN,13,41929411,KRW,CAMP-A
200328,2025-07-27,GRND-35-EX-2WD,DEALER_BUSAN,7,41962033,KRW,CAMP-A
200329,2025-07-06,GRND-35-EX-2WD,DEALER_BUSAN,1,41919321,KRW,CAMP-B
200330,2025-07-20,GRND-35-EX-2WD,DEALER_BUSAN,11,42255389,KRW,CAMP-C
200331,2025-07-21,GRND-35-EX-2WD,DEALER_BUSAN,20,41964489,KRW,CAMP-A
200332,2025-07-22,GRND-35-EX-2WD,DEALER_GWANGJU,14,42287761,KRW,CAMP-A
200333,2025-07-04,GRND-35-EX-2WD,DEALER_GWANGJU,13,42043611,KRW,CAMP-B
200334,2025-07-12,GRND-35-EX-2WD,DEALER_GWANGJU,6,42192593,KRW,CAMP-C
200335,2025-07-13,GRND-35-EX-2WD,DEALER_GWANGJU,11,41839480,KRW,CAMP-A
200336,2025-07-08,GRND-35-EX-2WD,DEALER_GWANGJU,4,42094519,KRW,CAMP-A
200337,2025-07-30,GRND-35-EX-2WD,DEALER_GWANGJU,1,42186069,KRW,CAMP-C
200338,2025-07-16,GRND-35-EX-2WD,DEALER_GWANGJU,5,41940705,KRW,CAMP-A
200339,2025-07-12,GRND-35-EX-2WD,PLANT_HQ,18,42109499,KRW,CAMP-C
200340,2025-07-14,GRND-35-EX-2WD,PLANT_HQ,7,42161338,KRW,CAMP-B
200341,2025-07-11,GRND-35-EX-2WD,PLANT_HQ,2,42231226,KRW,CAMP-C
200342,2025-07-25,GRND-35-EX-2WD,PLANT_HQ,9,41884136,KRW,CAMP-A
200343,2025-07-17,GRND-35-EX-2WD,PLANT_HQ,3,41619036,KRW,CAMP-B
200344,2025-07-15,GRND-35-EX-2WD,PLANT_HQ,12,42036190,KRW,CAMP-C
200345,2025-07-09,GRND-35-EX-2WD,PLANT_HQ,4,41643339,KRW,CAMP-C
200346,2025-07-18,GRND-35-EX-2WD,PLANT_HQ,19,42162800,KRW,CAMP-B
200347,2025-07-26,GRND-35-EX-2WD,PLANT_HQ,7,42135631,KRW,CAMP-B
200348,2025-07-13,GRND-35-EX-2WD,DEALER_DAEJEON,5,41670729,KRW,CAMP-A
200349,2025-07-06,GRND-35-EX-2WD,DEALER_DAEJEON,14,42303077,KRW,CAMP-B
200350,2025-07-22,GRND-35-EX-2WD,DEALER_DAEJEON,3,42157421,KRW,CAMP-A
200351,2025-07-22,GRND-35-EX-2WD,DEALER_DAEJEON,2,41649386,KRW,CAMP-B
200352,2025-07-03,GRND-35-EX-2WD,DEALER_DAEJEON,6,41910550,KRW,CAMP-A
200353,2025-07-24,GRND-35-EX-2WD,DEALER_DAEJEON,6,42163712,KRW,CAMP-C
200354,2025-07-20,GRND-35-EX-2WD,DEALER_DAEJEON,16,41743928,KRW,CAMP-C
200355,2025-07-14,GRND-35-EX-2WD,DEALER_DAEJEON,18,41935489,KRW,CAMP-C
200356,2025-07-17,GRND-35-EX-2WD,PLANT_MAIN,11,42294780,KRW,CAMP-B
200357,2025-07-09,GRND-35-EX-2WD,PLANT_MAIN,1,42236088,KRW,CAMP-C
200358,2025-07-24,GRND-35-EX-2WD,PLANT_MAIN,7,41604615,KRW,CAMP-B
200359,2025-07-23,GRND-35-EX-2WD,PLANT_MAIN,4,41695333,KRW,CAMP-B
200360,2025-07-09,GRND-35-EX-2WD,PLANT_MAIN,4,42282846,KRW,CAMP-C
200361,2025-07-08,GRND-35-EX-2WD,PLANT_MAIN,1,41989838,KRW,CAMP-B
200362,2025-07-11,GRND-35-EX-2WD,PLANT_MAIN,5,42382843,KRW,CAMP-C
200363,2025-07-27,GRND-35-EX-2WD,DEALER_SUWON,15,41609333,KRW,CAMP-B
200364,2025-07-01,GRND-35-EX-2WD,DEALER_SUWON,20,42312786,KRW,CAMP-C
200365,2025-07-13,GRND-35-EX-2WD,DEALER_SUWON,10,42185256,KRW,CAMP-C
200366,2025-07-08,GRND-35-EX-2WD,DEALER_SUWON,9,42052268,KRW,CAMP-A
200367,2025-07-25,GRND-35-EX-2WD,DEALER_SUWON,10,41602811,KRW,CAMP-B
200368,2025-07-17,GRND-35-EX-2WD,DEALER_SUWON,18,41831629,KRW,CAMP-B
200369,2025-07-18,GRND-35-EX-2WD,DEALER_SUWON,19,41655232,KRW,CAMP-C
200370,2025-07-01,GRND-35-EX-2WD,DEALER_A,12,42353757,KRW,CAMP-C
200371,2025-07-27,GRND-35-EX-2WD,DEALER_A,19,41874731,KRW,CAMP-B
200372,2025-07-24,GRND-35-EX-2WD,DEALER_A,17,42317083,KRW,CAMP-C
200373,2025-07-18,GRND-35-EX-2WD,DEALER_A,17,41715733,KRW,CAMP-A
200374,2025-07-08,GRND-35-EX-2WD,DEALER_A,18,41897055,KRW,CAMP-C
200375,2025-07-17,GRND-35-EX-2WD,DEALER_A,5,42177312,KRW,CAMP-C
200376,2025-07-08,GRND-35-EX-2WD,DEALER_A,9,41746886,KRW,CAMP-C
200377,2025-07-27,GRND-35-EX-2WD,DEALER_A,4,41821070,KRW,CAMP-A
200378,2025-07-27,GRND-35-EX-2WD,DEALER_A,4,41877754,KRW,CAMP-B
200379,2025-07-17,GRND-35-EX-2WD,DEALER_A,11,42215392,KRW,CAMP-B
200380,2025-07-10,MODEL-C-EV,DEALER_GANGNAM,6,51157614,KRW,CAMP-B
200381,2025-07-24,MODEL-C-EV,DEALER_GANGNAM,20,50667916,KRW,CAMP-C
200382,2025-07-23,MODEL-C-EV,DEALER_GANGNAM,5,50922025,KRW,CAMP-C
200383,2025-07-05,MODEL-C-EV,DEALER_GANGNAM,11,50826079,KRW,CAMP-B
200384,2025-07-25,MODEL-C-EV,DEALER_GANGNAM,14,51268250,KRW,CAMP-A
200385,2025-07-11,MODEL-C-EV,DEALER_GANGNAM,11,50938209,KRW,CAMP-A
200386,2025-07-09,MODEL-C-EV,DEALER_GANGNAM,13,50786041,KRW,CAMP-C
200387,2025-07-18,MODEL-C-EV,DEALER_GANGNAM,7,50952053,KRW,CAMP-B
200388,2025-07-06,MODEL-C-EV,DEALER_GANGNAM,8,50922185,KRW,CAMP-B
200389,2025-07-16,MODEL-C-EV,P1_ULSAN,16,50996831,KRW,CAMP-C
200390,2025-07-30,MODEL-C-EV,P1_ULSAN,13,50946585,KRW,CAMP-B
200391,2025-07-06,MODEL-C-EV,P1_ULSAN,19,51217797,KRW,CAMP-A
200392,2025-07-13,MODEL-C-EV,P1_ULSAN,19,51119084,KRW,CAMP-A
200393,2025-07-02,MODEL-C-EV,P1_ULSAN,9,50766545,KRW,CAMP-C
200394,2025-07-21,MODEL-C-EV,P1_ULSAN,8,51018616,KRW,CAMP-C
200395,2025-07-03,MODEL-C-EV,P1_ULSAN,5,50659201,KRW,CAMP-C
200396,2025-07-21,MODEL-C-EV,P1_ULSAN,5,50709699,KRW,CAMP-C
200397,2025-07-08,MODEL-C-EV,P1_ULSAN,11,51196638,KRW,CAMP-B
200398,2025-07-11,MODEL-C-EV,P1_ULSAN,13,50624331,KRW,CAMP-C
200399,2025-07-16,MODEL-C-EV,DEALER_DAEGU,2,51360180,KRW,CAMP-A
200400,2025-07-29,MODEL-C-EV,DEALER_DAEGU,7,50771846,KRW,CAMP-B
200401,2025-07-27,MODEL-C-EV,DEALER_DAEGU,17,51384887,KRW,CAMP-A
200402,2025-07-16,MODEL-C-EV,DEALER_DAEGU,9,50617068,KRW,CAMP-B
200403,2025-07-03,MODEL-C-EV,DEALER_DAEGU,11,50674210,KRW,CAMP-B
200404,2025-07-30,MODEL-C-EV,DEALER_DAEGU,14,51264844,KRW,CAMP-A
200405,2025-07-22,MODEL-C-EV,DEALER_DAEGU,13,51100654,KRW,CAMP-B
200406,2025-07-01,MODEL-C-EV,DEALER_DAEGU,4,50756232,KRW,CAMP-A
200407,2025-07-21,MODEL-C-EV,HUB_CENTRAL,11,50901025,KRW,CAMP-A
200408,2025-07-12,MODEL-C-EV,HUB_CENTRAL,8,51058426,KRW,CAMP-B
200409,2025-07-04,MODEL-C-EV,HUB_CENTRAL,5,51027727,KRW,CAMP-A
200410,2025-07-10,MODEL-C-EV,HUB_CENTRAL,12,51383268,KRW,CAMP-A
200411,2025-07-09,MODEL-C-EV,HUB_CENTRAL,7,51351196,KRW,CAMP-B
200412,2025-07-06,MODEL-C-EV,HUB_CENTRAL,16,51137893,KRW,CAMP-B
200413,2025-07-14,MODEL-C-EV,HUB_CENTRAL,6,50740996,KRW,CAMP-B
200414,2025-07-23,MODEL-C-EV,HUB_CENTRAL,10,50683392,KRW,CAMP-A
200415,2025-07-03,MODEL-C-EV,HUB_CENTRAL,10,50877412,KRW,CAMP-B
200416,2025-07-04,MODEL-C-EV,DEALER_INCHEON,18,50936736,KRW,CAMP-C
200417,2025-07-29,MODEL-C-EV,DEALER_INCHEON,16,51006254,KRW,CAMP-A
200418,2025-07-09,MODEL-C-EV,DEALER_INCHEON,11,51116549,KRW,CAMP-B
200419,2025-07-23,MODEL-C-EV,DEALER_INCHEON,19,50857588,KRW,CAMP-C
200420,2025-07-13,MODEL-C-EV,DEALER_INCHEON,6,50892470,KRW,CAMP-B
200421,2025-07-27,MODEL-C-EV,DEALER_INCHEON,6,51007510,KRW,CAMP-B
200422,2025-07-10,MODEL-C-EV,DEALER_INCHEON,15,50712371,KRW,CAMP-B
200423,2025-07-25,MODEL-C-EV,DEALER_INCHEON,16,50606974,KRW,CAMP-C
200424,2025-07-01,MODEL-C-EV,DEALER_INCHEON,11,50789819,KRW,CAMP-C
200425,2025-07-19,MODEL-C-EV,DEALER_INCHEON,16,51097772,KRW,CAMP-B
200426,2025-07-29,MODEL-C-EV,P2_ASAN,12,50842396,KRW,CAMP-C
200427,2025-07-27,MODEL-C-EV,P2_ASAN,4,50822446,KRW,CAMP-C
200428,2025-07-11,MODEL-C-EV,P2_ASAN,13,51190031,KRW,CAMP-B
200429,2025-07-01,MODEL-C-EV,P2_ASAN,7,50658245,KRW,CAMP-C
200430,2025-07-13,MODEL-C-EV,P2_ASAN,4,50840994,KRW,CAMP-B
200431,2025-07-22,MODEL-C-EV,P2_ASAN,13,51127434,KRW,CAMP-B
200432,2025-07-10,MODEL-C-EV,P2_ASAN,17,50863433,KRW,CAMP-A
200433,2025-07-05,MODEL-C-EV,P2_ASAN,10,51327022,KRW,CAMP-A
200434,2025-07-10,MODEL-C-EV,DEALER_JEJU,12,50748624,KRW,CAMP-A
200435,2025-07-25,MODEL-C-EV,DEALER_JEJU,16,50853380,KRW,CAMP-A
200436,2025-07-29,MODEL-C-EV,DEALER_JEJU,19,51092798,KRW,CAMP-C
200437,2025-07-16,MODEL-C-EV,DEALER_JEJU,13,50980692,KRW,CAMP-A
200438,2025-07-15,MODEL-C-EV,DEALER_JEJU,3,50779143,KRW,CAMP-B
200439,2025-07-11,MODEL-C-EV,DEALER_JEJU,6,50908289,KRW,CAMP-A
200440,2025-07-07,MODEL-C-EV,DEALER_JEJU,7,50832659,KRW,CAMP-C
200441,2025-07-21,MODEL-C-EV,DEALER_JEJU,8,51080027,KRW,CAMP-A
200442,2025-07-24,MODEL-C-EV,DEALER_JEJU,7,50670831,KRW,CAMP-C
200443,2025-07-11,MODEL-C-EV,DEALER_JEJU,8,51350335,KRW,CAMP-A
200444,2025-07-04,MODEL-C-EV,WAREHOUSE_SOUTH,13,51080116,KRW,CAMP-C
200445,2025-07-22,MODEL-C-EV,WAREHOUSE_SOUTH,13,50962883,KRW,CAMP-C
200446,2025-07-04,MODEL-C-EV,WAREHOUSE_SOUTH,7,51292206,KRW,CAMP-B
200447,2025-07-16,MODEL-C-EV,WAREHOUSE_SOUTH,18,51345417,KRW,CAMP-C
200448,2025-07-23,MODEL-C-EV,WAREHOUSE_SOUTH,2,50678848,KRW,CAMP-B
200449,2025-07-17,MODEL-C-EV,WAREHOUSE_SOUTH,2,50627429,KRW,CAMP-B
200450,2025-07-19,MODEL-C-EV,WAREHOUSE_SOUTH,5,50999359,KRW,CAMP-B
200451,2025-07-10,MODEL-C-EV,WAREHOUSE_SOUTH,2,50615500,KRW,CAMP-B
200452,2025-07-28,MODEL-C-EV,DEALER_BUSAN,8,50702036,KRW,CAMP-A
200453,2025-07-01,MODEL-C-EV,DEALER_BUSAN,7,51080995,KRW,CAMP-B
200454,2025-07-28,MODEL-C-EV,DEALER_BUSAN,10,51249609,KRW,CAMP-A
200455,2025-07-02,MODEL-C-EV,DEALER_BUSAN,18,51249702,KRW,CAMP-C
200456,2025-07-04,MODEL-C-EV,DEALER_BUSAN,16,51135917,KRW,CAMP-B
200457,2025-07-19,MODEL-C-EV,DEALER_BUSAN,20,50949825,KRW,CAMP-A
200458,2025-07-14,MODEL-C-EV,DEALER_BUSAN,18,51051177,KRW,CAMP-A
200459,2025-07-26,MODEL-C-EV,DEALER_BUSAN,2,50878038,KRW,CAMP-C
200460,2025-07-27,MODEL-C-EV,DEALER_GWANGJU,4,50977839,KRW,CAMP-A
200461,2025-07-05,MODEL-C-EV,DEALER_GWANGJU,11,51071042,KRW,CAMP-B
200462,2025-07-12,MODEL-C-EV,DEALER_GWANGJU,13,50601359,KRW,CAMP-A
200463,2025-07-23,MODEL-C-EV,DEALER_GWANGJU,5,51197845,KRW,CAMP-A
200464,2025-07-03,MODEL-C-EV,DEALER_GWANGJU,19,50644591,KRW,CAMP-C
200465,2025-07-28,MODEL-C-EV,DEALER_GWANGJU,16,51054317,KRW,CAMP-C
200466,2025-07-14,MODEL-C-EV,DEALER_GWANGJU,15,50833465,KRW,CAMP-B
200467,2025-07-14,MODEL-C-EV,DEALER_GWANGJU,20,51351527,KRW,CAMP-B
200468,2025-07-21,MODEL-C-EV,DEALER_GWANGJU,13,50661142,KRW,CAMP-A
200469,2025-07-25,MODEL-C-EV,DEALER_GWANGJU,1,51216089,KRW,CAMP-B
200470,2025-07-11,MODEL-C-EV,PLANT_HQ,19,51067662,KRW,CAMP-C
200471,2025-07-27,MODEL-C-EV,PLANT_HQ,8,51279112,KRW,CAMP-B
200472,2025-07-29,MODEL-C-EV,PLANT_HQ,3,50858658,KRW,CAMP-B
200473,2025-07-04,MODEL-C-EV,PLANT_HQ,6,51399954,KRW,CAMP-B
200474,2025-07-29,MODEL-C-EV,PLANT_HQ,17,50665242,KRW,CAMP-C
200475,2025-07-26,MODEL-C-EV,PLANT_HQ,1,50627561,KRW,CAMP-A
200476,2025-07-20,MODEL-C-EV,PLANT_HQ,13,50895764,KRW,CAMP-C
200477,2025-07-11,MODEL-C-EV,PLANT_HQ,18,50927553,KRW,CAMP-B
200478,2025-07-23,MODEL-C-EV,PLANT_HQ,12,51166665,KRW,CAMP-B
200479,2025-07-18,MODEL-C-EV,PLANT_HQ,7,51376914,KRW,CAMP-B
200480,2025-07-18,MODEL-C-EV,DEALER_DAEJEON,9,51108779,KRW,CAMP-B
200481,2025-07-12,MODEL-C-EV,DEALER_DAEJEON,16,50740517,KRW,CAMP-A
200482,2025-07-12,MODEL-C-EV,DEALER_DAEJEON,8,51234570,KRW,CAMP-B
200483,2025-07-04,MODEL-C-EV,DEALER_DAEJEON,7,50753287,KRW,CAMP-A
200484,2025-07-19,MODEL-C-EV,DEALER_DAEJEON,18,51390578,KRW,CAMP-C
200485,2025-07-25,MODEL-C-EV,DEALER_DAEJEON,10,51370565,KRW,CAMP-B
200486,2025-07-24,MODEL-C-EV,DEALER_DAEJEON,2,50932389,KRW,CAMP-B
200487,2025-07-01,MODEL-C-EV,DEALER_DAEJEON,3,50774691,KRW,CAMP-B
200488,2025-07-02,MODEL-C-EV,DEALER_DAEJEON,14,51075788,KRW,CAMP-A
200489,2025-07-29,MODEL-C-EV,PLANT_MAIN,12,50919110,KRW,CAMP-A
200490,2025-07-06,MODEL-C-EV,PLANT_MAIN,16,51065098,KRW,CAMP-A
200491,2025-07-24,MODEL-C-EV,PLANT_MAIN,11,51379302,KRW,CAMP-A
200492,2025-07-08,MODEL-C-EV,PLANT_MAIN,10,50837317,KRW,CAMP-A
200493,2025-07-21,MODEL-C-EV,PLANT_MAIN,7,51016043,KRW,CAMP-B
200494,2025-07-09,MODEL-C-EV,PLANT_MAIN,16,50929079,KRW,CAMP-C
200495,2025-07-17,MODEL-C-EV,PLANT_MAIN,3,50612752,KRW,CAMP-A
200496,2025-07-06,MODEL-C-EV,DEALER_SUWON,10,51156455,KRW,CAMP-A
200497,2025-07-07,MODEL-C-EV,DEALER_SUWON,2,51256481,KRW,CAMP-C
200498,2025-07-18,MODEL-C-EV,DEALER_SUWON,10,50702605,KRW,CAMP-A
200499,2025-07-11,MODEL-C-EV,DEALER_SUWON,19,50730734,KRW,CAMP-B
200500,2025-07-06,MODEL-C-EV,DEALER_SUWON,7,50920305,KRW,CAMP-C
200501,2025-07-25,MODEL-C-EV,DEALER_SUWON,18,50969106,KRW,CAMP-C
200502,2025-07-26,MODEL-C-EV,DEALER_SUWON,8,51122020,KRW,CAMP-C
200503,2025-07-11,MODEL-C-EV,DEALER_SUWON,15,51267515,KRW,CAMP-C
200504,2025-07-02,MODEL-C-EV,DEALER_SUWON,10,50679484,KRW,CAMP-B
200505,2025-07-04,MODEL-C-EV,DEALER_SUWON,4,51361488,KRW,CAMP-B
200506,2025-07-22,MODEL-C-EV,DEALER_A,19,51059480,KRW,CAMP-A
200507,2025-07-27,MODEL-C-EV,DEALER_A,5,50664352,KRW,CAMP-A
200508,2025-07-04,MODEL-C-EV,DEALER_A,11,51303293,KRW,CAMP-B
200509,2025-07-25,MODEL-C-EV,DEALER_A,17,51003053,KRW,CAMP-B
200510,2025-07-25,MODEL-C-EV,DEALER_A,19,50936458,KRW,CAMP-C
200511,2025-07-03,MODEL-C-EV,DEALER_A,6,50745190,KRW,CAMP-B
200512,2025-07-09,MODEL-C-EV,DEALER_A,6,50889772,KRW,CAMP-B
200513,2025-07-07,MODEL-C-EV,DEALER_A,14,51375322,KRW,CAMP-B
200514,2025-07-30,MODEL-C-EV,DEALER_A,16,51325172,KRW,CAMP-B
200515,2025-07-02,MODEL-C-EV,DEALER_A,17,51303193,KRW,CAMP-B
200516,2025-07-30,MODEL-B-LUXURY,DEALER_GANGNAM,11,48300775,KRW,CAMP-C
200517,2025-07-03,MODEL-B-LUXURY,DEALER_GANGNAM,15,48313891,KRW,CAMP-A
200518,2025-07-18,MODEL-B-LUXURY,DEALER_GANGNAM,2,48304176,KRW,CAMP-C
200519,2025-07-03,MODEL-B-LUXURY,DEALER_GANGNAM,19,47610408,KRW,CAMP-A
200520,2025-07-04,MODEL-B-LUXURY,DEALER_GANGNAM,18,47942939,KRW,CAMP-A
200521,2025-07-25,MODEL-B-LUXURY,DEALER_GANGNAM,7,48206475,KRW,CAMP-B
200522,2025-07-20,MODEL-B-LUXURY,DEALER_GANGNAM,14,48312291,KRW,CAMP-A
200523,2025-07-16,MODEL-B-LUXURY,DEALER_GANGNAM,15,48273239,KRW,CAMP-A
200524,2025-07-17,MODEL-B-LUXURY,DEALER_GANGNAM,12,48045065,KRW,CAMP-A
200525,2025-07-12,MODEL-B-LUXURY,P1_ULSAN,19,48066289,KRW,CAMP-A
200526,2025-07-12,MODEL-B-LUXURY,P1_ULSAN,15,48229061,KRW,CAMP-B
200527,2025-07-26,MODEL-B-LUXURY,P1_ULSAN,8,47980763,KRW,CAMP-B
200528,2025-07-20,MODEL-B-LUXURY,P1_ULSAN,20,47803552,KRW,CAMP-B
200529,2025-07-01,MODEL-B-LUXURY,P1_ULSAN,14,48192744,KRW,CAMP-B
200530,2025-07-16,MODEL-B-LUXURY,P1_ULSAN,15,48234015,KRW,CAMP-B
200531,2025-07-14,MODEL-B-LUXURY,P1_ULSAN,4,47828671,KRW,CAMP-A
200532,2025-07-22,MODEL-B-LUXURY,DEALER_DAEGU,19,47972931,KRW,CAMP-A
200533,2025-07-28,MODEL-B-LUXURY,DEALER_DAEGU,10,48080543,KRW,CAMP-A
200534,2025-07-29,MODEL-B-LUXURY,DEALER_DAEGU,17,48245037,KRW,CAMP-A
200535,2025-07-06,MODEL-B-LUXURY,DEALER_DAEGU,17,47982741,KRW,CAMP-A
200536,2025-07-17,MODEL-B-LUXURY,DEALER_DAEGU,9,47669228,KRW,CAMP-A
200537,2025-07-22,MODEL-B-LUXURY,DEALER_DAEGU,2,48261381,KRW,CAMP-B
200538,2025-07-08,MODEL-B-LUXURY,DEALER_DAEGU,15,47872764,KRW,CAMP-A
200539,2025-07-30,MODEL-B-LUXURY,HUB_CENTRAL,5,47775764,KRW,CAMP-C
200540,2025-07-16,MODEL-B-LUXURY,HUB_CENTRAL,17,47930472,KRW,CAMP-C
200541,2025-07-02,MODEL-B-LUXURY,HUB_CENTRAL,19,48221225,KRW,CAMP-A
200542,2025-07-29,MODEL-B-LUXURY,HUB_CENTRAL,19,48288678,KRW,CAMP-B
200543,2025-07-29,MODEL-B-LUXURY,HUB_CENTRAL,3,48227035,KRW,CAMP-B
200544,2025-07-21,MODEL-B-LUXURY,HUB_CENTRAL,3,47681068,KRW,CAMP-B
200545,2025-07-26,MODEL-B-LUXURY,HUB_CENTRAL,16,48383703,KRW,CAMP-B
200546,2025-07-29,MODEL-B-LUXURY,HUB_CENTRAL,3,48270215,KRW,CAMP-A
200547,2025-07-21,MODEL-B-LUXURY,HUB_CENTRAL,12,47680464,KRW,CAMP-C
200548,2025-07-08,MODEL-B-LUXURY,HUB_CENTRAL,7,47678471,KRW,CAMP-A
200549,2025-07-25,MODEL-B-LUXURY,DEALER_INCHEON,13,47895422,KRW,CAMP-B
200550,2025-07-15,MODEL-B-LUXURY,DEALER_INCHEON,10,48197918,KRW,CAMP-B
200551,2025-07-18,MODEL-B-LUXURY,DEALER_INCHEON,13,47674887,KRW,CAMP-B
200552,2025-07-29,MODEL-B-LUXURY,DEALER_INCHEON,13,48052374,KRW,CAMP-A
200553,2025-07-17,MODEL-B-LUXURY,DEALER_INCHEON,19,48005867,KRW,CAMP-A
200554,2025-07-01,MODEL-B-LUXURY,DEALER_INCHEON,18,47974205,KRW,CAMP-A
200555,2025-07-29,MODEL-B-LUXURY,DEALER_INCHEON,17,48155926,KRW,CAMP-C
200556,2025-07-13,MODEL-B-LUXURY,DEALER_INCHEON,19,48352802,KRW,CAMP-B
200557,2025-07-29,MODEL-B-LUXURY,P2_ASAN,8,47823881,KRW,CAMP-C
200558,2025-07-03,MODEL-B-LUXURY,P2_ASAN,12,47621316,KRW,CAMP-A
200559,2025-07-28,MODEL-B-LUXURY,P2_ASAN,19,47902362,KRW,CAMP-B
200560,2025-07-30,MODEL-B-LUXURY,P2_ASAN,18,48322932,KRW,CAMP-A
200561,2025-07-09,MODEL-B-LUXURY,P2_ASAN,10,47777543,KRW,CAMP-A
200562,2025-07-02,MODEL-B-LUXURY,P2_ASAN,17,48340137,KRW,CAMP-A
200563,2025-07-20,MODEL-B-LUXURY,P2_ASAN,4,47637434,KRW,CAMP-C
200564,2025-07-06,MODEL-B-LUXURY,P2_ASAN,12,47916058,KRW,CAMP-A
200565,2025-07-02,MODEL-B-LUXURY,P2_ASAN,5,48037576,KRW,CAMP-C
200566,2025-07-07,MODEL-B-LUXURY,P2_ASAN,11,47761606,KRW,CAMP-B
200567,2025-07-08,MODEL-B-LUXURY,DEALER_JEJU,9,47911550,KRW,CAMP-C
200568,2025-07-29,MODEL-B-LUXURY,DEALER_JEJU,1,48328856,KRW,CAMP-C
200569,2025-07-03,MODEL-B-LUXURY,DEALER_JEJU,10,48097515,KRW,CAMP-C
200570,2025-07-08,MODEL-B-LUXURY,DEALER_JEJU,10,48026232,KRW,CAMP-A
200571,2025-07-27,MODEL-B-LUXURY,DEALER_JEJU,16,48125554,KRW,CAMP-A
200572,2025-07-12,MODEL-B-LUXURY,DEALER_JEJU,16,48003524,KRW,CAMP-A
200573,2025-07-19,MODEL-B-LUXURY,DEALER_JEJU,14,48137811,KRW,CAMP-C
200574,2025-07-21,MODEL-B-LUXURY,WAREHOUSE_SOUTH,14,47829336,KRW,CAMP-A
200575,2025-07-24,MODEL-B-LUXURY,WAREHOUSE_SOUTH,8,47874443,KRW,CAMP-A
200576,2025-07-12,MODEL-B-LUXURY,WAREHOUSE_SOUTH,10,47941526,KRW,CAMP-B
200577,2025-07-20,MODEL-B-LUXURY,WAREHOUSE_SOUTH,19,48235312,KRW,CAMP-B
200578,2025-07-11,MODEL-B-LUXURY,WAREHOUSE_SOUTH,5,47619387,KRW,CAMP-C
200579,2025-07-04,MODEL-B-LUXURY,WAREHOUSE_SOUTH,6,48332034,KRW,CAMP-A
200580,2025-07-02,MODEL-B-LUXURY,WAREHOUSE_SOUTH,5,47883014,KRW,CAMP-C
200581,2025-07-23,MODEL-B-LUXURY,WAREHOUSE_SOUTH,8,48128254,KRW,CAMP-B
200582,2025-07-20,MODEL-B-LUXURY,WAREHOUSE_SOUTH,10,47824441,KRW,CAMP-A
200583,2025-07-30,MODEL-B-LUXURY,WAREHOUSE_SOUTH,20,48183996,KRW,CAMP-C
200584,2025-07-15,MODEL-B-LUXURY,DEALER_BUSAN,16,47709700,KRW,CAMP-A
200585,2025-07-02,MODEL-B-LUXURY,DEALER_BUSAN,3,48257243,KRW,CAMP-C
200586,2025-07-29,MODEL-B-LUXURY,DEALER_BUSAN,4,47692975,KRW,CAMP-A
200587,2025-07-05,MODEL-B-LUXURY,DEALER_BUSAN,16,47607404,KRW,CAMP-A
200588,2025-07-13,MODEL-B-LUXURY,DEALER_BUSAN,13,48150719,KRW,CAMP-B
200589,2025-07-09,MODEL-B-LUXURY,DEALER_BUSAN,4,47815463,KRW,CAMP-B
200590,2025-07-30,MODEL-B-LUXURY,DEALER_BUSAN,10,47721876,KRW,CAMP-B
200591,2025-07-04,MODEL-B-LUXURY,DEALER_BUSAN,20,48015157,KRW,CAMP-C
200592,2025-07-26,MODEL-B-LUXURY,DEALER_BUSAN,16,48128897,KRW,CAMP-A
200593,2025-07-20,MODEL-B-LUXURY,DEALER_GWANGJU,15,47991432,KRW,CAMP-C
200594,2025-07-12,MODEL-B-LUXURY,DEALER_GWANGJU,1,48256903,KRW,CAMP-C
200595,2025-07-05,MODEL-B-LUXURY,DEALER_GWANGJU,10,47610991,KRW,CAMP-C
200596,2025-07-21,MODEL-B-LUXURY,DEALER_GWANGJU,15,48324769,KRW,CAMP-C
200597,2025-07-01,MODEL-B-LUXURY,DEALER_GWANGJU,13,47855538,KRW,CAMP-C
200598,2025-07-15,MODEL-B-LUXURY,DEALER_GWANGJU,16,48021084,KRW,CAMP-B
200599,2025-07-19,MODEL-B-LUXURY,DEALER_GWANGJU,20,47870020,KRW,CAMP-B
200600,2025-07-18,MODEL-B-LUXURY,DEALER_GWANGJU,18,48276244,KRW,CAMP-C
200601,2025-07-27,MODEL-B-LUXURY,PLANT_HQ,18,47970076,KRW,CAMP-A
200602,2025-07-01,MODEL-B-LUXURY,PLANT_HQ,20,47912953,KRW,CAMP-C
200603,2025-07-27,MODEL-B-LUXURY,PLANT_HQ,12,48147058,KRW,CAMP-B
200604,2025-07-05,MODEL-B-LUXURY,PLANT_HQ,12,47667881,KRW,CAMP-B
200605,2025-07-22,MODEL-B-LUXURY,PLANT_HQ,16,48325926,KRW,CAMP-C
200606,2025-07-24,MODEL-B-LUXURY,PLANT_HQ,3,48191084,KRW,CAMP-B
200607,2025-07-08,MODEL-B-LUXURY,PLANT_HQ,8,48013169,KRW,CAMP-B
200608,2025-07-24,MODEL-B-LUXURY,PLANT_HQ,12,47980414,KRW,CAMP-B
200609,2025-07-25,MODEL-B-LUXURY,DEALER_DAEJEON,3,48036999,KRW,CAMP-B
200610,2025-07-29,MODEL-B-LUXURY,DEALER_DAEJEON,2,47764931,KRW,CAMP-A
200611,2025-07-02,MODEL-B-LUXURY,DEALER_DAEJEON,17,47613082,KRW,CAMP-B
200612,2025-07-02,MODEL-B-LUXURY,DEALER_DAEJEON,1,48157161,KRW,CAMP-A
200613,2025-07-19,MODEL-B-LUXURY,DEALER_DAEJEON,13,47625211,KRW,CAMP-A
200614,2025-07-25,MODEL-B-LUXURY,DEALER_DAEJEON,1,47678419,KRW,CAMP-A
200615,2025-07-02,MODEL-B-LUXURY,DEALER_DAEJEON,6,47606312,KRW,CAMP-B
200616,2025-07-07,MODEL-B-LUXURY,DEALER_DAEJEON,12,47689499,KRW,CAMP-A
200617,2025-07-17,MODEL-B-LUXURY,PLANT_MAIN,16,48090748,KRW,CAMP-B
200618,2025-07-30,MODEL-B-LUXURY,PLANT_MAIN,4,48140299,KRW,CAMP-B
200619,2025-07-11,MODEL-B-LUXURY,PLANT_MAIN,17,47696971,KRW,CAMP-C
200620,2025-07-01,MODEL-B-LUXURY,PLANT_MAIN,13,47905224,KRW,CAMP-C
200621,2025-07-13,MODEL-B-LUXURY,PLANT_MAIN,8,47983783,KRW,CAMP-C
200622,2025-07-14,MODEL-B-LUXURY,PLANT_MAIN,18,48138072,KRW,CAMP-B
200623,2025-07-08,MODEL-B-LUXURY,PLANT_MAIN,11,48390504,KRW,CAMP-C
200624,2025-07-08,MODEL-B-LUXURY,PLANT_MAIN,2,48106624,KRW,CAMP-C
200625,2025-07-25,MODEL-B-LUXURY,DEALER_SUWON,11,47701098,KRW,CAMP-B
200626,2025-07-18,MODEL-B-LUXURY,DEALER_SUWON,4,47606764,KRW,CAMP-A
200627,2025-07-21,MODEL-B-LUXURY,DEALER_SUWON,15,47803805,KRW,CAMP-C
200628,2025-07-30,MODEL-B-LUXURY,DEALER_SUWON,16,48249347,KRW,CAMP-B
200629,2025-07-02,MODEL-B-LUXURY,DEALER_SUWON,2,47992214,KRW,CAMP-C
200630,2025-07-21,MODEL-B-LUXURY,DEALER_SUWON,17,47946014,KRW,CAMP-C
200631,2025-07-04,MODEL-B-LUXURY,DEALER_SUWON,6,47899532,KRW,CAMP-C
200632,2025-07-05,MODEL-B-LUXURY,DEALER_SUWON,10,47921401,KRW,CAMP-B
200633,2025-07-04,MODEL-B-LUXURY,DEALER_SUWON,15,48027484,KRW,CAMP-C
200634,2025-07-06,MODEL-B-LUXURY,DEALER_SUWON,7,47875680,KRW,CAMP-B
200635,2025-07-07,MODEL-B-LUXURY,DEALER_A,11,48060747,KRW,CAMP-A
200636,2025-07-15,MODEL-B-LUXURY,DEALER_A,10,48077863,KRW,CAMP-A
200637,2025-07-15,MODEL-B-LUXURY,DEALER_A,12,47731799,KRW,CAMP-C
200638,2025-07-16,MODEL-B-LUXURY,DEALER_A,8,48390938,KRW,CAMP-C
200639,2025-07-08,MODEL-B-LUXURY,DEALER_A,10,48391589,KRW,CAMP-C
200640,2025-07-18,MODEL-B-LUXURY,DEALER_A,7,48042725,KRW,CAMP-C
200641,2025-07-28,MODEL-B-LUXURY,DEALER_A,13,48155226,KRW,CAMP-B
200642,2025-07-21,MODEL-B-LUXURY,DEALER_A,17,48251710,KRW,CAMP-B
200643,2025-07-18,MODEL-B-LUXURY,DEALER_A,6,48310634,KRW,CAMP-B
200644,2025-07-09,MODEL-B-LUXURY,DEALER_A,20,47839263,KRW,CAMP-A
200645,2025-07-14,MODEL-B,DEALER_GANGNAM,13,34809067,KRW,CAMP-A
200646,2025-07-23,MODEL-B,DEALER_GANGNAM,6,35346678,KRW,CAMP-C
200647,2025-07-20,MODEL-B,DEALER_GANGNAM,11,34717001,KRW,CAMP-B
200648,2025-07-20,MODEL-B,DEALER_GANGNAM,1,35323661,KRW,CAMP-A
200649,2025-07-08,MODEL-B,DEALER_GANGNAM,15,35272081,KRW,CAMP-A
200650,2025-07-01,MODEL-B,DEALER_GANGNAM,5,35328077,KRW,CAMP-B
200651,2025-07-24,MODEL-B,DEALER_GANGNAM,1,35224496,KRW,CAMP-B
200652,2025-07-27,MODEL-B,DEALER_GANGNAM,15,35017462,KRW,CAMP-A
200653,2025-07-30,MODEL-B,P1_ULSAN,19,34722821,KRW,CAMP-C
200654,2025-07-09,MODEL-B,P1_ULSAN,5,35397725,KRW,CAMP-B
200655,2025-07-04,MODEL-B,P1_ULSAN,19,35310345,KRW,CAMP-C
200656,2025-07-30,MODEL-B,P1_ULSAN,8,35176611,KRW,CAMP-B
200657,2025-07-20,MODEL-B,P1_ULSAN,6,35332943,KRW,CAMP-A
200658,2025-07-08,MODEL-B,P1_ULSAN,19,35206254,KRW,CAMP-A
200659,2025-07-23,MODEL-B,P1_ULSAN,16,35288978,KRW,CAMP-C
200660,2025-07-22,MODEL-B,DEALER_DAEGU,7,34992651,KRW,CAMP-B
200661,2025-07-10,MODEL-B,DEALER_DAEGU,4,35391112,KRW,CAMP-B
200662,2025-07-10,MODEL-B,DEALER_DAEGU,11,35090741,KRW,CAMP-C
200663,2025-07-26,MODEL-B,DEALER_DAEGU,14,35099003,KRW,CAMP-A
200664,2025-07-13,MODEL-B,DEALER_DAEGU,12,34869167,KRW,CAMP-B
200665,2025-07-11,MODEL-B,DEALER_DAEGU,14,34867586,KRW,CAMP-A
200666,2025-07-11,MODEL-B,DEALER_DAEGU,18,34766210,KRW,CAMP-B
200667,2025-07-23,MODEL-B,DEALER_DAEGU,12,34647637,KRW,CAMP-B
200668,2025-07-16,MODEL-B,DEALER_DAEGU,5,34712133,KRW,CAMP-A
200669,2025-07-23,MODEL-B,DEALER_DAEGU,4,34943348,KRW,CAMP-A
200670,2025-07-14,MODEL-B,HUB_CENTRAL,4,35275955,KRW,CAMP-C
200671,2025-07-24,MODEL-B,HUB_CENTRAL,13,34891069,KRW,CAMP-A
200672,2025-07-24,MODEL-B,HUB_CENTRAL,7,35098635,KRW,CAMP-C
200673,2025-07-09,MODEL-B,HUB_CENTRAL,14,35076079,KRW,CAMP-C
200674,2025-07-21,MODEL-B,HUB_CENTRAL,19,35017869,KRW,CAMP-A
200675,2025-07-20,MODEL-B,HUB_CENTRAL,2,35190329,KRW,CAMP-B
200676,2025-07-30,MODEL-B,HUB_CENTRAL,9,34999529,KRW,CAMP-C
200677,2025-07-22,MODEL-B,HUB_CENTRAL,17,35372182,KRW,CAMP-A
200678,2025-07-12,MODEL-B,HUB_CENTRAL,19,35270469,KRW,CAMP-A
200679,2025-07-15,MODEL-B,HUB_CENTRAL,18,35034381,KRW,CAMP-B
200680,2025-07-03,MODEL-B,DEALER_INCHEON,2,34785071,KRW,CAMP-C
200681,2025-07-08,MODEL-B,DEALER_INCHEON,2,35061314,KRW,CAMP-C
200682,2025-07-16,MODEL-B,DEALER_INCHEON,19,35037764,KRW,CAMP-C
200683,2025-07-26,MODEL-B,DEALER_INCHEON,1,35256909,KRW,CAMP-A
200684,2025-07-02,MODEL-B,DEALER_INCHEON,12,35052252,KRW,CAMP-B
200685,2025-07-22,MODEL-B,DEALER_INCHEON,15,35105017,KRW,CAMP-B
200686,2025-07-04,MODEL-B,DEALER_INCHEON,19,34985942,KRW,CAMP-B
200687,2025-07-14,MODEL-B,DEALER_INCHEON,16,35270276,KRW,CAMP-A
200688,2025-07-27,MODEL-B,DEALER_INCHEON,4,35076826,KRW,CAMP-A
200689,2025-07-02,MODEL-B,DEALER_INCHEON,3,34929130,KRW,CAMP-A
200690,2025-07-29,MODEL-B,P2_ASAN,20,35247353,KRW,CAMP-A
200691,2025-07-18,MODEL-B,P2_ASAN,3,34978123,KRW,CAMP-B
200692,2025-07-29,MODEL-B,P2_ASAN,19,34849094,KRW,CAMP-B
200693,2025-07-08,MODEL-B,P2_ASAN,4,35278197,KRW,CAMP-C
200694,2025-07-16,MODEL-B,P2_ASAN,6,35322142,KRW,CAMP-A
200695,2025-07-21,MODEL-B,P2_ASAN,5,35026986,KRW,CAMP-C
200696,2025-07-23,MODEL-B,P2_ASAN,5,35161214,KRW,CAMP-B
200697,2025-07-30,MODEL-B,P2_ASAN,13,34913572,KRW,CAMP-A
200698,2025-07-15,MODEL-B,P2_ASAN,12,34894123,KRW,CAMP-B
200699,2025-07-21,MODEL-B,DEALER_JEJU,9,34783834,KRW,CAMP-C
200700,2025-07-05,MODEL-B,DEALER_JEJU,2,35000962,KRW,CAMP-A
200701,2025-07-03,MODEL-B,DEALER_JEJU,9,35245594,KRW,CAMP-B
200702,2025-07-19,MODEL-B,DEALER_JEJU,19,35109146,KRW,CAMP-C
200703,2025-07-12,MODEL-B,DEALER_JEJU,3,35124351,KRW,CAMP-B
200704,2025-07-09,MODEL-B,DEALER_JEJU,19,35202944,KRW,CAMP-C
200705,2025-07-27,MODEL-B,DEALER_JEJU,16,34964636,KRW,CAMP-C
200706,2025-07-13,MODEL-B,DEALER_JEJU,4,34850806,KRW,CAMP-C
200707,2025-07-19,MODEL-B,WAREHOUSE_SOUTH,9,34662180,KRW,CAMP-C
200708,2025-07-26,MODEL-B,WAREHOUSE_SOUTH,13,34729099,KRW,CAMP-B
200709,2025-07-16,MODEL-B,WAREHOUSE_SOUTH,15,34840761,KRW,CAMP-B
200710,2025-07-09,MODEL-B,WAREHOUSE_SOUTH,17,34728429,KRW,CAMP-B
200711,2025-07-03,MODEL-B,WAREHOUSE_SOUTH,13,34664860,KRW,CAMP-A
200712,2025-07-16,MODEL-B,WAREHOUSE_SOUTH,3,35217412,KRW,CAMP-A
200713,2025-07-23,MODEL-B,WAREHOUSE_SOUTH,3,34777130,KRW,CAMP-A
200714,2025-07-17,MODEL-B,DEALER_BUSAN,14,34958983,KRW,CAMP-A
200715,2025-07-15,MODEL-B,DEALER_BUSAN,5,35340036,KRW,CAMP-B
200716,2025-07-16,MODEL-B,DEALER_BUSAN,18,34872440,KRW,CAMP-B
200717,2025-07-11,MODEL-B,DEALER_BUSAN,15,34969151,KRW,CAMP-B
200718,2025-07-10,MODEL-B,DEALER_BUSAN,16,34756186,KRW,CAMP-B
200719,2025-07-11,MODEL-B,DEALER_BUSAN,2,35361458,KRW,CAMP-C
200720,2025-07-07,MODEL-B,DEALER_BUSAN,3,35037623,KRW,CAMP-A
200721,2025-07-24,MODEL-B,DEALER_BUSAN,9,35205831,KRW,CAMP-C
200722,2025-07-25,MODEL-B,DEALER_BUSAN,4,35223893,KRW,CAMP-B
200723,2025-07-15,MODEL-B,DEALER_GWANGJU,9,35083368,KRW,CAMP-B
200724,2025-07-26,MODEL-B,DEALER_GWANGJU,15,35031391,KRW,CAMP-C
200725,2025-07-26,MODEL-B,DEALER_GWANGJU,10,34932804,KRW,CAMP-B
200726,2025-07-25,MODEL-B,DEALER_GWANGJU,18,35262655,KRW,CAMP-C
200727,2025-07-13,MODEL-B,DEALER_GWANGJU,3,34718951,KRW,CAMP-C
200728,2025-07-19,MODEL-B,DEALER_GWANGJU,19,35084820,KRW,CAMP-B
200729,2025-07-18,MODEL-B,DEALER_GWANGJU,12,34681834,KRW,CAMP-B
200730,2025-07-15,MODEL-B,PLANT_HQ,12,34788224,KRW,CAMP-B
200731,2025-07-17,MODEL-B,PLANT_HQ,4,35104233,KRW,CAMP-A
200732,2025-07-24,MODEL-B,PLANT_HQ,10,35211504,KRW,CAMP-A
200733,2025-07-12,MODEL-B,PLANT_HQ,11,34899922,KRW,CAMP-A
200734,2025-07-12,MODEL-B,PLANT_HQ,2,34985591,KRW,CAMP-B
200735,2025-07-20,MODEL-B,PLANT_HQ,13,35398697,KRW,CAMP-C
200736,2025-07-05,MODEL-B,PLANT_HQ,14,34602429,KRW,CAMP-A
200737,2025-07-28,MODEL-B,PLANT_HQ,13,34735572,KRW,CAMP-C
200738,2025-07-17,MODEL-B,PLANT_HQ,9,34837900,KRW,CAMP-B
200739,2025-07-13,MODEL-B,DEALER_DAEJEON,13,34652337,KRW,CAMP-C
200740,2025-07-16,MODEL-B,DEALER_DAEJEON,20,34941929,KRW,CAMP-A
200741,2025-07-10,MODEL-B,DEALER_DAEJEON,6,34877719,KRW,CAMP-B
200742,2025-07-07,MODEL-B,DEALER_DAEJEON,3,34938346,KRW,CAMP-C
200743,2025-07-16,MODEL-B,DEALER_DAEJEON,2,34894115,KRW,CAMP-B
200744,2025-07-12,MODEL-B,DEALER_DAEJEON,2,35375984,KRW,CAMP-B
200745,2025-07-28,MODEL-B,DEALER_DAEJEON,14,35291905,KRW,CAMP-A
200746,2025-07-27,MODEL-B,PLANT_MAIN,20,35019965,KRW,CAMP-C
200747,2025-07-20,MODEL-B,PLANT_MAIN,9,35339480,KRW,CAMP-B
200748,2025-07-27,MODEL-B,PLANT_MAIN,18,35280975,KRW,CAMP-A
200749,2025-07-04,MODEL-B,PLANT_MAIN,9,35177981,KRW,CAMP-C
200750,2025-07-29,MODEL-B,PLANT_MAIN,10,35105040,KRW,CAMP-A
200751,2025-07-03,MODEL-B,PLANT_MAIN,9,35102540,KRW,CAMP-A
200752,2025-07-08,MODEL-B,PLANT_MAIN,1,35334400,KRW,CAMP-C
200753,2025-07-14,MODEL-B,PLANT_MAIN,2,34635132,KRW,CAMP-A
200754,2025-07-28,MODEL-B,DEALER_SUWON,15,35009273,KRW,CAMP-B
200755,2025-07-19,MODEL-B,DEALER_SUWON,17,34722347,KRW,CAMP-C
200756,2025-07-28,MODEL-B,DEALER_SUWON,12,35103463,KRW,CAMP-A
200757,2025-07-08,MODEL-B,DEALER_SUWON,9,34710993,KRW,CAMP-B
200758,2025-07-03,MODEL-B,DEALER_SUWON,4,34722951,KRW,CAMP-A
200759,2025-07-20,MODEL-B,DEALER_SUWON,4,35068659,KRW,CAMP-A
200760,2025-07-17,MODEL-B,DEALER_SUWON,3,34700591,KRW,CAMP-B
200761,2025-07-15,MODEL-B,DEALER_SUWON,18,35218252,KRW,CAMP-B
200762,2025-07-02,MODEL-B,DEALER_A,11,34862612,KRW,CAMP-C
200763,2025-07-27,MODEL-B,DEALER_A,19,35223607,KRW,CAMP-B
200764,2025-07-17,MODEL-B,DEALER_A,7,34821324,KRW,CAMP-C
200765,2025-07-24,MODEL-B,DEALER_A,2,34895803,KRW,CAMP-A
200766,2025-07-25,MODEL-B,DEALER_A,2,35072198,KRW,CAMP-B
200767,2025-07-14,MODEL-B,DEALER_A,19,35089102,KRW,CAMP-B
200768,2025-07-22,MODEL-B,DEALER_A,18,34991239,KRW,CAMP-A
200769,2025-07-18,MODEL-A-STD,DEALER_GANGNAM,1,32180939,KRW,CAMP-B
200770,2025-07-29,MODEL-A-STD,DEALER_GANGNAM,8,31735898,KRW,CAMP-C
200771,2025-07-10,MODEL-A-STD,DEALER_GANGNAM,2,31674633,KRW,CAMP-A
200772,2025-07-21,MODEL-A-STD,DEALER_GANGNAM,16,31903544,KRW,CAMP-B
200773,2025-07-10,MODEL-A-STD,DEALER_GANGNAM,11,32134610,KRW,CAMP-C
200774,2025-07-08,MODEL-A-STD,DEALER_GANGNAM,19,32252963,KRW,CAMP-C
200775,2025-07-04,MODEL-A-STD,DEALER_GANGNAM,19,31679735,KRW,CAMP-A
200776,2025-07-30,MODEL-A-STD,DEALER_GANGNAM,1,32237694,KRW,CAMP-B
200777,2025-07-20,MODEL-A-STD,DEALER_GANGNAM,6,31918544,KRW,CAMP-B
200778,2025-07-11,MODEL-A-STD,P1_ULSAN,2,32119260,KRW,CAMP-C
200779,2025-07-02,MODEL-A-STD,P1_ULSAN,20,32034761,KRW,CAMP-A
200780,2025-07-19,MODEL-A-STD,P1_ULSAN,6,32261081,KRW,CAMP-A
200781,2025-07-21,MODEL-A-STD,P1_ULSAN,9,31885182,KRW,CAMP-C
200782,2025-07-08,MODEL-A-STD,P1_ULSAN,7,31623620,KRW,CAMP-A
200783,2025-07-09,MODEL-A-STD,P1_ULSAN,14,31798105,KRW,CAMP-C
200784,2025-07-12,MODEL-A-STD,P1_ULSAN,12,31754432,KRW,CAMP-C
200785,2025-07-01,MODEL-A-STD,DEALER_DAEGU,2,31909138,KRW,CAMP-A
200786,2025-07-30,MODEL-A-STD,DEALER_DAEGU,10,32372626,KRW,CAMP-C
200787,2025-07-24,MODEL-A-STD,DEALER_DAEGU,17,32384260,KRW,CAMP-B
200788,2025-07-23,MODEL-A-STD,DEALER_DAEGU,19,31976375,KRW,CAMP-A
200789,2025-07-27,MODEL-A-STD,DEALER_DAEGU,20,32267339,KRW,CAMP-C
200790,2025-07-11,MODEL-A-STD,DEALER_DAEGU,19,32103296,KRW,CAMP-B
200791,2025-07-21,MODEL-A-STD,DEALER_DAEGU,15,31989639,KRW,CAMP-B
200792,2025-07-25,MODEL-A-STD,DEALER_DAEGU,6,31904276,KRW,CAMP-A
200793,2025-07-06,MODEL-A-STD,DEALER_DAEGU,9,32348213,KRW,CAMP-B
200794,2025-07-29,MODEL-A-STD,DEALER_DAEGU,19,32395864,KRW,CAMP-C
200795,2025-07-07,MODEL-A-STD,HUB_CENTRAL,17,31822381,KRW,CAMP-B
200796,2025-07-01,MODEL-A-STD,HUB_CENTRAL,12,32049042,KRW,CAMP-A
200797,2025-07-10,MODEL-A-STD,HUB_CENTRAL,12,32109232,KRW,CAMP-C
200798,2025-07-25,MODEL-A-STD,HUB_CENTRAL,12,32010299,KRW,CAMP-C
200799,2025-07-26,MODEL-A-STD,HUB_CENTRAL,18,31677937,KRW,CAMP-B
200800,2025-07-27,MODEL-A-STD,HUB_CENTRAL,8,31825716,KRW,CAMP-B
200801,2025-07-23,MODEL-A-STD,HUB_CENTRAL,9,32263658,KRW,CAMP-A
200802,2025-07-07,MODEL-A-STD,HUB_CENTRAL,13,32349638,KRW,CAMP-A
200803,2025-07-15,MODEL-A-STD,HUB_CENTRAL,1,32349611,KRW,CAMP-A
200804,2025-07-17,MODEL-A-STD,DEALER_INCHEON,5,31805425,KRW,CAMP-A
200805,2025-07-26,MODEL-A-STD,DEALER_INCHEON,6,31832520,KRW,CAMP-A
200806,2025-07-14,MODEL-A-STD,DEALER_INCHEON,14,32219318,KRW,CAMP-A
200807,2025-07-15,MODEL-A-STD,DEALER_INCHEON,1,32151316,KRW,CAMP-C
200808,2025-07-17,MODEL-A-STD,DEALER_INCHEON,8,32170791,KRW,CAMP-B
200809,2025-07-16,MODEL-A-STD,DEALER_INCHEON,20,32142260,KRW,CAMP-C
200810,2025-07-13,MODEL-A-STD,DEALER_INCHEON,1,31868673,KRW,CAMP-C
200811,2025-07-04,MODEL-A-STD,DEALER_INCHEON,11,32228408,KRW,CAMP-A
200812,2025-07-09,MODEL-A-STD,DEALER_INCHEON,7,32300240,KRW,CAMP-C
200813,2025-07-30,MODEL-A-STD,P2_ASAN,12,31853423,KRW,CAMP-B
200814,2025-07-08,MODEL-A-STD,P2_ASAN,10,32215228,KRW,CAMP-B
200815,2025-07-26,MODEL-A-STD,P2_ASAN,20,32203096,KRW,CAMP-A
200816,2025-07-17,MODEL-A-STD,P2_ASAN,2,31631449,KRW,CAMP-C
200817,2025-07-12,MODEL-A-STD,P2_ASAN,17,31873146,KRW,CAMP-C
200818,2025-07-24,MODEL-A-STD,P2_ASAN,20,32196523,KRW,CAMP-A
200819,2025-07-05,MODEL-A-STD,P2_ASAN,11,31698071,KRW,CAMP-B
200820,2025-07-01,MODEL-A-STD,DEALER_JEJU,18,31767195,KRW,CAMP-B
200821,2025-07-25,MODEL-A-STD,DEALER_JEJU,15,31665072,KRW,CAMP-C
200822,2025-07-15,MODEL-A-STD,DEALER_JEJU,20,32244540,KRW,CAMP-C
200823,2025-07-08,MODEL-A-STD,DEALER_JEJU,15,31966387,KRW,CAMP-B
200824,2025-07-19,MODEL-A-STD,DEALER_JEJU,3,31762329,KRW,CAMP-A
200825,2025-07-26,MODEL-A-STD,DEALER_JEJU,20,32193877,KRW,CAMP-B
200826,2025-07-26,MODEL-A-STD,DEALER_JEJU,14,31826859,KRW,CAMP-A
200827,2025-07-23,MODEL-A-STD,WAREHOUSE_SOUTH,4,31932567,KRW,CAMP-A
200828,2025-07-13,MODEL-A-STD,WAREHOUSE_SOUTH,7,31796846,KRW,CAMP-C
200829,2025-07-21,MODEL-A-STD,WAREHOUSE_SOUTH,2,31773650,KRW,CAMP-B
200830,2025-07-16,MODEL-A-STD,WAREHOUSE_SOUTH,1,32274648,KRW,CAMP-C
200831,2025-07-05,MODEL-A-STD,WAREHOUSE_SOUTH,10,31677989,KRW,CAMP-C
200832,2025-07-04,MODEL-A-STD,WAREHOUSE_SOUTH,5,31730739,KRW,CAMP-B
200833,2025-07-19,MODEL-A-STD,WAREHOUSE_SOUTH,5,31967063,KRW,CAMP-B
200834,2025-07-25,MODEL-A-STD,WAREHOUSE_SOUTH,10,31715004,KRW,CAMP-C
200835,2025-07-04,MODEL-A-STD,DEALER_BUSAN,9,31644220,KRW,CAMP-A
200836,2025-07-02,MODEL-A-STD,DEALER_BUSAN,8,32344104,KRW,CAMP-B
200837,2025-07-26,MODEL-A-STD,DEALER_BUSAN,15,32239034,KRW,CAMP-B
200838,2025-07-14,MODEL-A-STD,DEALER_BUSAN,18,31652308,KRW,CAMP-A
200839,2025-07-28,MODEL-A-STD,DEALER_BUSAN,15,31682561,KRW,CAMP-C
200840,2025-07-14,MODEL-A-STD,DEALER_BUSAN,20,32052574,KRW,CAMP-A
200841,2025-07-27,MODEL-A-STD,DEALER_BUSAN,19,31860636,KRW,CAMP-C
200842,2025-07-06,MODEL-A-STD,DEALER_BUSAN,8,32151539,KRW,CAMP-C
200843,2025-07-16,MODEL-A-STD,DEALER_GWANGJU,10,31848652,KRW,CAMP-B
200844,2025-07-08,MODEL-A-STD,DEALER_GWANGJU,12,31813678,KRW,CAMP-C
200845,2025-07-12,MODEL-A-STD,DEALER_GWANGJU,20,32268878,KRW,CAMP-A
200846,2025-07-24,MODEL-A-STD,DEALER_GWANGJU,19,31984643,KRW,CAMP-C
200847,2025-07-03,MODEL-A-STD,DEALER_GWANGJU,19,31603671,KRW,CAMP-B
200848,2025-07-05,MODEL-A-STD,DEALER_GWANGJU,13,32079812,KRW,CAMP-B
200849,2025-07-11,MODEL-A-STD,DEALER_GWANGJU,20,32309401,KRW,CAMP-B
200850,2025-07-26,MODEL-A-STD,DEALER_GWANGJU,14,32372097,KRW,CAMP-B
200851,2025-07-07,MODEL-A-STD,DEALER_GWANGJU,15,32005208,KRW,CAMP-C
200852,2025-07-26,MODEL-A-STD,DEALER_GWANGJU,15,32312929,KRW,CAMP-A
200853,2025-07-03,MODEL-A-STD,PLANT_HQ,20,32334773,KRW,CAMP-B
200854,2025-07-08,MODEL-A-STD,PLANT_HQ,5,32365614,KRW,CAMP-A
200855,2025-07-24,MODEL-A-STD,PLANT_HQ,16,31969963,KRW,CAMP-B
200856,2025-07-12,MODEL-A-STD,PLANT_HQ,1,31929269,KRW,CAMP-A
200857,2025-07-12,MODEL-A-STD,PLANT_HQ,16,32199432,KRW,CAMP-A
200858,2025-07-24,MODEL-A-STD,PLANT_HQ,18,31817434,KRW,CAMP-B
200859,2025-07-05,MODEL-A-STD,PLANT_HQ,10,32187627,KRW,CAMP-B
200860,2025-07-17,MODEL-A-STD,PLANT_HQ,16,32326141,KRW,CAMP-C
200861,2025-07-14,MODEL-A-STD,PLANT_HQ,10,31931192,KRW,CAMP-A
200862,2025-07-09,MODEL-A-STD,DEALER_DAEJEON,7,32078479,KRW,CAMP-C
200863,2025-07-06,MODEL-A-STD,DEALER_DAEJEON,7,31633344,KRW,CAMP-C
200864,2025-07-27,MODEL-A-STD,DEALER_DAEJEON,5,31986437,KRW,CAMP-A
200865,2025-07-29,MODEL-A-STD,DEALER_DAEJEON,14,32326454,KRW,CAMP-B
200866,2025-07-15,MODEL-A-STD,DEALER_DAEJEON,19,31996009,KRW,CAMP-C
200867,2025-07-01,MODEL-A-STD,DEALER_DAEJEON,7,32311304,KRW,CAMP-B
200868,2025-07-12,MODEL-A-STD,DEALER_DAEJEON,14,32220542,KRW,CAMP-A
200869,2025-07-07,MODEL-A-STD,DEALER_DAEJEON,11,32293885,KRW,CAMP-B
200870,2025-07-15,MODEL-A-STD,DEALER_DAEJEON,8,31903387,KRW,CAMP-C
200871,2025-07-30,MODEL-A-STD,DEALER_DAEJEON,7,31790445,KRW,CAMP-A
200872,2025-07-01,MODEL-A-STD,PLANT_MAIN,18,31616357,KRW,CAMP-C
200873,2025-07-05,MODEL-A-STD,PLANT_MAIN,8,31769055,KRW,CAMP-C
200874,2025-07-14,MODEL-A-STD,PLANT_MAIN,19,31879046,KRW,CAMP-A
200875,2025-07-25,MODEL-A-STD,PLANT_MAIN,5,31709323,KRW,CAMP-A
200876,2025-07-16,MODEL-A-STD,PLANT_MAIN,20,32361793,KRW,CAMP-A
200877,2025-07-26,MODEL-A-STD,PLANT_MAIN,20,31716516,KRW,CAMP-A
200878,2025-07-12,MODEL-A-STD,PLANT_MAIN,8,31794212,KRW,CAMP-B
200879,2025-07-07,MODEL-A-STD,PLANT_MAIN,13,32259056,KRW,CAMP-B
200880,2025-07-09,MODEL-A-STD,PLANT_MAIN,8,32155053,KRW,CAMP-C
200881,2025-07-03,MODEL-A-STD,PLANT_MAIN,13,31933285,KRW,CAMP-B
200882,2025-07-27,MODEL-A-STD,DEALER_SUWON,15,31952273,KRW,CAMP-A
200883,2025-07-05,MODEL-A-STD,DEALER_SUWON,8,31961075,KRW,CAMP-C
200884,2025-07-21,MODEL-A-STD,DEALER_SUWON,15,31646102,KRW,CAMP-B
200885,2025-07-19,MODEL-A-STD,DEALER_SUWON,15,32081288,KRW,CAMP-A
200886,2025-07-14,MODEL-A-STD,DEALER_SUWON,13,32355339,KRW,CAMP-A
200887,2025-07-28,MODEL-A-STD,DEALER_SUWON,6,32383961,KRW,CAMP-B
200888,2025-07-06,MODEL-A-STD,DEALER_SUWON,13,32138025,KRW,CAMP-C
200889,2025-07-04,MODEL-A-STD,DEALER_SUWON,15,31936551,KRW,CAMP-B
200890,2025-07-09,MODEL-A-STD,DEALER_SUWON,5,32324157,KRW,CAMP-C
200891,2025-07-17,MODEL-A-STD,DEALER_SUWON,15,31813521,KRW,CAMP-A
200892,2025-07-27,MODEL-A-STD,DEALER_A,1,32339393,KRW,CAMP-B
200893,2025-07-27,MODEL-A-STD,DEALER_A,11,31620158,KRW,CAMP-C
200894,2025-07-23,MODEL-A-STD,DEALER_A,10,32213070,KRW,CAMP-C
200895,2025-07-21,MODEL-A-STD,DEALER_A,7,31694843,KRW,CAMP-A
200896,2025-07-29,MODEL-A-STD,DEALER_A,10,32105173,KRW,CAMP-C
200897,2025-07-24,MODEL-A-STD,DEALER_A,7,31680840,KRW,CAMP-C
200898,2025-07-07,MODEL-A-STD,DEALER_A,18,32137900,KRW,CAMP-B
200899,2025-07-02,MODEL-A-STD,DEALER_A,8,32323371,KRW,CAMP-C
200900,2025-07-01,MODEL-A-STD,DEALER_A,8,31787851,KRW,CAMP-A
